,,,,rot hinterlegt = neu/muss besprochen werden,,,,,,ACHTUNG AUSGEBLENDETE SPALTE!,,,Initial: Alles Intel Format,,,,,,,,,,,
,,,,Dummy bit length ,,,,,,,,,,,,,,,,,,,,
,,,,,,,,,,,,,,,,,,,,,,,,
,Von ECU,Nach ECU,ü,Pin  Name,Pin Nummer,Typ,Prio,CAN Name,CAN ID,Message Name,Multiplexor,Signal Name,Start Bit,Length [Bit],Byte Order,Value Type,Initial Value,Factor,Offset,Minimum,Maximum,Unit,Value Table,Comment
,MS4,,2,-,-,-,,MS CAN,0x100,AGS1_gearbox_control_unit,-,activate_blip,60,1,Intel,Signed,0,1,0,0,1,flag,<none>,Aktiviert das E-Gas für Blipfunktion
,MS4,,2,-,-,-,,MS CAN,0x100,AGS1_gearbox_control_unit,-,activate_cut,61,1,Intel,Unsigned,0,1,0,0,1,flag,<none>,Aktiviert die Cut Funktion in der Motor ECU
,MS4,,2,-,-,-,,MS CAN,0x100,AGS1_gearbox_control_unit,-,blip_state,28,4,Intel,Unsigned,0,1,0,0,15,,<none>,information byte which gives an overview of the blip and engine cut progress
,MS4,,2,-,-,-,,MS CAN,0x100,AGS1_gearbox_control_unit,-,cut_level_gcu,48,8,Intel,Unsigned,0,0.0196078,0,0,"49,999,992",,<none>,"simulated voltage of gearpoti from the GCU, used to trigger the gear cut / blipper functionality in the ECU"
,MS4,,2,-,-,-,,MS CAN,0x100,AGS1_gearbox_control_unit,-,engaged_gear,0,8,Intel,Unsigned,0,0.5,-1.5,-1.5,126,,<none>,engaged gear detected from the AGS sytem
,MS4,,2,-,-,-,,MS CAN,0x100,AGS1_gearbox_control_unit,-,gearpot,8,10,Intel,Unsigned,0,"4,888",0,0,5000,mV,<none>,Voltage of barrel possition sensor. Main sensor for AGS system
,MS4,,2,-,-,-,,MS CAN,0x100,AGS1_gearbox_control_unit,-,shift_state,24,4,Intel,Unsigned,0,1,0,0,15,,<none>,information byte which gives an overview of the shift progress
,MS4,,2,-,-,-,,MS CAN,0x100,AGS1_gearbox_control_unit,-,state_cut,56,4,Intel,Unsigned,0,1,0,0,2,,<none>,If an shift is requested and will be done the bit up or down will be set until the shift is complete ready. These Bit also works like a trigger for the data aquisition system.
,MS4,,2,-,-,-,,MS CAN,0x100,AGS1_gearbox_control_unit,-,target_engine_speed,32,14,Intel,Unsigned,0,1,0,0,16383,rpm,<none>,"When a shift is requested, the target engine speed is the calculated value of the engine rpm after the succeded shift. If no shift is requested targed engine speed is the same as engine speed."
,MS4,,2,-,-,-,,MS CAN,0x24A,ABS_wheelspeeds,-,speedABSfl,0,16,Intel,Unsigned,0,0.015625,0,0,100,m/s,<none>,
,MS4,,2,-,-,-,,MS CAN,0x24A,ABS_wheelspeeds,-,speedABSfr,16,16,Intel,Unsigned,0,0.015625,0,0,100,m/s,<none>,
,MS4,,2,-,-,-,,MS CAN,0x24A,ABS_wheelspeeds,-,speedABSrl,32,16,Intel,Unsigned,0,0.015625,0,0,100,m/s,<none>,
,MS4,,2,-,-,-,,MS CAN,0x24A,ABS_wheelspeeds,-,speedABSrr,48,16,Intel,Unsigned,0,0.015625,0,0,100,m/s,<none>,
,MS4,,2,-,-,-,,MS CAN,0x5C0,ABS_switch_state_slip_and_speed,-,ax1_Bremse60ABS,32,16,Intel,Unsigned,0,0.00012742,"-41,768","-47,168","47,167",g,<none>,
,MS4,,2,-,-,-,,MS CAN,0x5C0,ABS_switch_state_slip_and_speed,-,ay1_Bremse60ABS,48,16,Intel,Unsigned,0,0.00012742,"-41,768","-47,168","47,167",g,<none>,
,MS4,,2,-,-,-,,MS CAN,0x5C0,ABS_switch_state_slip_and_speed,-,blsABS,24,1,Intel,Unsigned,0,1,0,0,1,,<none>,
,MS4,,2,-,-,-,,MS CAN,0x5C0,ABS_switch_state_slip_and_speed,-,p_HzABS,8,16,Intel,Signed,0,0.0153,0,-42.5,425,bar,<none>,
,MS4,,2,-,-,-,,MS CAN,0x5C0,ABS_switch_state_slip_and_speed,-,switchstateABS,0,8,Intel,Unsigned,0,1,0,0,0,,<none>,
,MS4,,2,-,-,-,,MS CAN,0x770,Injection_1,-,ti_1,0,8,Intel,Unsigned,0,0.1,0,0,0,ms,<none>,
,MS4,,2,-,-,-,,MS CAN,0x770,Injection_1,-,ti_2,8,8,Intel,Unsigned,0,0.1,0,0,0,ms,<none>,
,MS4,,2,-,-,-,,MS CAN,0x770,Injection_1,-,ti_3,16,8,Intel,Unsigned,0,0.1,0,0,0,ms,<none>,
,MS4,,2,-,-,-,,MS CAN,0x770,Injection_1,-,ti_4,24,8,Intel,Unsigned,0,0.1,0,0,0,ms,<none>,
,MS4,,2,-,-,-,,MS CAN,0x770,Injection_1,-,ti_5,32,8,Intel,Unsigned,0,0.1,0,0,0,ms,<none>,
,MS4,,2,-,-,-,,MS CAN,0x770,Injection_1,-,ti_6,40,8,Intel,Unsigned,0,0.1,0,0,0,ms,<none>,
,MS4,,2,-,-,-,,MS CAN,0x770,Injection_1,-,ti_7,48,8,Intel,Unsigned,0,0.1,0,0,0,ms,<none>,
,MS4,,2,-,-,-,,MS CAN,0x770,Injection_1,-,ti_8,56,8,Intel,Unsigned,0,0.1,0,0,0,ms,<none>,
,MS4,,2,-,-,-,,MS CAN,0x771,Injection_2,-,injang,24,8,Intel,Unsigned,0,"28,125",0,0,0,°KW,<none>,
,MS4,,2,-,-,-,,MS CAN,0x771,Injection_2,-,injoff,32,8,Intel,Unsigned,0,1,0,0,0,,<none>,
,MS4,,2,-,-,-,,MS CAN,0x771,Injection_2,-,lamctrl_2k,48,8,Intel,Unsigned,0,0.0078125,0,0,0,,<none>,
,MS4,,2,-,-,-,,MS CAN,0x771,Injection_2,-,lamctrl_k,40,8,Intel,Unsigned,0,0.0078125,0,0,0,,<none>,
,MS4,,2,-,-,-,,MS CAN,0x771,Injection_2,-,tibase,0,8,Intel,Unsigned,0,0.1,0,0,0,ms,<none>,
,MS4,,2,-,-,-,,MS CAN,0x771,Injection_2,-,tibatt_o,8,8,Intel,Unsigned,0,0.1,0,0,0,ms,<none>,
,MS4,,2,-,-,-,,MS CAN,0x771,Injection_2,-,timap,16,8,Intel,Unsigned,0,0.1,0,0,0,ms,<none>,
,MS4,,2,-,-,-,,MS CAN,0x772,Ignition,-,ign_1,0,8,Intel,Signed,0,0.75,0,0,0,°KW,<none>,
,MS4,,2,-,-,-,,MS CAN,0x772,Ignition,-,ign_2,8,8,Intel,Signed,0,0.75,0,0,0,°KW,<none>,
,MS4,,2,-,-,-,,MS CAN,0x772,Ignition,-,ign_3,16,8,Intel,Signed,0,0.75,0,0,0,°KW,<none>,
,MS4,,2,-,-,-,,MS CAN,0x772,Ignition,-,ign_4,24,8,Intel,Signed,0,0.75,0,0,0,°KW,<none>,
,MS4,,2,-,-,-,,MS CAN,0x772,Ignition,-,ign_5,32,8,Intel,Signed,0,0.75,0,0,0,°KW,<none>,
,MS4,,2,-,-,-,,MS CAN,0x772,Ignition,-,ign_6,40,8,Intel,Signed,0,0.75,0,0,0,°KW,<none>,
,MS4,,2,-,-,-,,MS CAN,0x772,Ignition,-,ign_7,48,8,Intel,Signed,0,0.75,0,0,0,°KW,<none>,
,MS4,,2,-,-,-,,MS CAN,0x772,Ignition,-,ign_8,56,8,Intel,Signed,0,0.75,0,0,0,°KW,<none>,
,MS4,,2,-,-,-,,MS CAN,0x773,Ignition_Rev_Ath,-,ath,40,8,Intel,Unsigned,0,0.390625,0,0,0,%,<none>,
,MS4,,2,-,-,-,,MS CAN,0x773,Ignition_Rev_Ath,-,dath,48,8,Intel,Signed,0,12,0,0,0,%/s,<none>,
,MS4,,2,-,-,-,,MS CAN,0x773,Ignition_Rev_Ath,-,ignbase,0,8,Intel,Signed,0,0.75,0,0,0,°KW,<none>,
,MS4,,2,-,-,-,,MS CAN,0x773,Ignition_Rev_Ath,-,ignmap,8,8,Intel,Signed,0,0.75,0,0,0,°KW,<none>,
,MS4,,2,-,-,-,,MS CAN,0x773,Ignition_Rev_Ath,-,rev,32,16,Motorola,Unsigned,0,0.5,0,0,0,1/min,<none>,
,MS4,,2,-,-,-,,MS CAN,0x773,Ignition_Rev_Ath,-,tdwell,16,8,Intel,Unsigned,0,0.1,0,0,0,ms,<none>,
,MS4,,2,-,-,-,,MS CAN,0x774,Lambda,-,lam,32,8,Intel,Unsigned,0,0.0078125,0,0,0,,<none>,
,MS4,,2,-,-,-,,MS CAN,0x774,Lambda,-,lam_2,40,8,Intel,Unsigned,0,0.0078125,0,0,0,,<none>,
,MS4,,2,-,-,-,,MS CAN,0x774,Lambda,-,lami,0,8,Intel,Signed,0,0.25,0,0,0,%,<none>,
,MS4,,2,-,-,-,,MS CAN,0x774,Lambda,-,lami_2,8,8,Intel,Signed,0,0.25,0,0,0,%,<none>,
,MS4,,2,-,-,-,,MS CAN,0x774,Lambda,-,lammap,48,8,Intel,Unsigned,0,0.0078125,0,0,0,,<none>,
,MS4,,2,-,-,-,,MS CAN,0x774,Lambda,-,lammap_2,56,8,Intel,Unsigned,0,0.0078125,0,0,0,,<none>,
,MS4,,2,-,-,-,,MS CAN,0x774,Lambda,-,lamp,16,8,Intel,Signed,0,0.25,0,0,0,%,<none>,
,MS4,,2,-,-,-,,MS CAN,0x774,Lambda,-,lamp_2,24,8,Intel,Signed,0,0.25,0,0,0,%,<none>,
,MS4,,2,-,-,-,,MS CAN,0x775,Speed,-,speed,8,16,Motorola,Unsigned,0,0.0078125,0,0,0,kph,<none>,
,MS4,,2,-,-,-,,MS CAN,0x775,Speed,-,speedfl,16,8,Intel,Unsigned,0,2,0,0,0,kph,<none>,
,MS4,,2,-,-,-,,MS CAN,0x775,Speed,-,speedfr,24,8,Intel,Unsigned,0,2,0,0,0,kph,<none>,
,MS4,,2,-,-,-,,MS CAN,0x775,Speed,-,speedrl,32,8,Intel,Unsigned,0,2,0,0,0,kph,<none>,
,MS4,,2,-,-,-,,MS CAN,0x775,Speed,-,speedrr,40,8,Intel,Unsigned,0,2,0,0,0,kph,<none>,
,MS4,,2,-,-,-,,MS CAN,0x776,Lapfunc,-,lapdist,8,16,Motorola,Unsigned,0,1,0,0,0,m,<none>,
,MS4,,2,-,-,-,,MS CAN,0x776,Lapfunc,-,laptime,24,16,Motorola,Unsigned,0,0.01,0,0,0,s,<none>,
,MS4,,2,-,-,-,,MS CAN,0x776,Lapfunc,-,laptimediff,40,16,Motorola,Unsigned,0,0.01,0,0,0,s,<none>,
,MS4,,2,-,-,-,,MS CAN,0x776,Lapfunc,-,laptimefast,56,16,Motorola,Unsigned,0,0.01,0,0,0,s,<none>,
,MS4,,2,-,-,-,,MS CAN,0x777,Gear_Dashboard_Acceleration,-,accx,40,8,Intel,Signed,0,0.03125,0,0,0,g,<none>,
,MS4,,2,-,-,-,,MS CAN,0x777,Gear_Dashboard_Acceleration,-,accy,48,8,Intel,Signed,0,0.03125,0,0,0,g,<none>,
,MS4,,2,-,-,-,,MS CAN,0x777,Gear_Dashboard_Acceleration,-,accz,56,8,Intel,Signed,0,0.03125,0,0,0,g,<none>,
,MS4,,2,-,-,-,,MS CAN,0x777,Gear_Dashboard_Acceleration,-,ddugear,32,8,Intel,Unsigned,0,1,0,0,0,,<none>,
,MS4,,2,-,-,-,,MS CAN,0x777,Gear_Dashboard_Acceleration,-,gcstate,8,8,Intel,Unsigned,0,1,0,0,0,,<none>,
,MS4,,2,-,-,-,,MS CAN,0x777,Gear_Dashboard_Acceleration,-,gear,0,8,Intel,Unsigned,0,1,0,0,0,,<none>,
,MS4,,2,-,-,-,,MS CAN,0x777,Gear_Dashboard_Acceleration,-,gearcut_u,24,8,Intel,Unsigned,0,0.0196078,0,0,0,V,<none>,
,MS4,,2,-,-,-,,MS CAN,0x777,Gear_Dashboard_Acceleration,-,gearratio,16,8,Intel,Unsigned,0,0.0625,0,0,0,,<none>,
,MS4,,2,-,-,-,,MS CAN,0x778,Traction_Control,-,slipsp,16,8,Intel,Unsigned,0,0.078125,0,0,0,%,<none>,
,MS4,,2,-,-,-,,MS CAN,0x778,Traction_Control,-,slra,24,8,Intel,Unsigned,0,0.078125,0,0,0,%,<none>,
,MS4,,2,-,-,-,,MS CAN,0x778,Traction_Control,-,tcpfac,0,8,Intel,Signed,0,0.78125,0,0,0,%,<none>,
,MS4,,2,-,-,-,,MS CAN,0x778,Traction_Control,-,tcsw,8,8,Intel,Unsigned,0,1,0,0,0,,<none>,
,MS4,,2,-,-,-,,MS CAN,0x778,Traction_Control,-,vdraxle,40,16,Motorola,Unsigned,0,0.0078125,0,0,0,kph,<none>,
,MS4,,2,-,-,-,,MS CAN,0x778,Traction_Control,-,vref,56,16,Motorola,Unsigned,0,0.0078125,0,0,0,kph,<none>,
,MS4,,2,-,-,-,,MS CAN,0x779,Electronic_Throttle_Control,-,aps,16,8,Intel,Unsigned,0,0.5,0,0,0,%,<none>,
,MS4,,2,-,-,-,,MS CAN,0x779,Electronic_Throttle_Control,-,batt_u,48,8,Intel,Unsigned,0,0.0706949,0,0,0,V,<none>,
,MS4,,2,-,-,-,,MS CAN,0x779,Electronic_Throttle_Control,-,camshaftpos,40,8,Intel,Unsigned,0,0.5,0,0,0,°KW,<none>,
,MS4,,2,-,-,-,,MS CAN,0x779,Electronic_Throttle_Control,-,etb,0,8,Intel,Unsigned,0,0.5,0,0,0,%,<none>,
,MS4,,2,-,-,-,,MS CAN,0x779,Electronic_Throttle_Control,-,etb_sp,8,8,Intel,Unsigned,0,0.5,0,0,0,%,<none>,
,MS4,,2,-,-,-,,MS CAN,0x779,Electronic_Throttle_Control,-,lap_c,56,8,Intel,Unsigned,0,1,0,0,0,laps,<none>,
,MS4,,2,-,-,-,,MS CAN,0x779,Electronic_Throttle_Control,-,p1,32,16,Motorola,Unsigned,0,0.1,0,0,0,mBar,<none>,
,MS4,,2,-,-,-,,MS CAN,0x77A,States_Temp_Press,rowcounter_0x77A = 0x5,battlow_b,61,1,Intel,Unsigned,0,1,0,0,0,,<none>,
,MS4,,2,-,-,-,,MS CAN,0x77A,States_Temp_Press,-,etbsys_e,25,1,Intel,Unsigned,0,1,0,0,0,,<none>,
,MS4,,2,-,-,-,,MS CAN,0x77A,States_Temp_Press,rowcounter_0x77A = 0x3,fuellap,40,16,Motorola,Unsigned,0,0.00035791,0,0,0,L,<none>,
,MS4,,2,-,-,-,,MS CAN,0x77A,States_Temp_Press,rowcounter_0x77A = 0x3,fueltank,56,16,Motorola,Signed,0,0.00572656,0,0,0,L,<none>,
,MS4,,2,-,-,-,,MS CAN,0x77A,States_Temp_Press,-,gearcut_b,9,1,Intel,Unsigned,0,1,0,0,0,,<none>,
,MS4,,2,-,-,-,,MS CAN,0x77A,States_Temp_Press,-,idle_b,23,1,Intel,Unsigned,0,1,0,0,0,,<none>,
,MS4,,2,-,-,-,,MS CAN,0x77A,States_Temp_Press,-,ignoff_b,31,1,Intel,Unsigned,0,1,0,0,0,,<none>,
,MS4,,2,-,-,-,,MS CAN,0x77A,States_Temp_Press,-,injcut_b,15,1,Intel,Unsigned,0,1,0,0,0,,<none>,
,MS4,,2,-,-,-,,MS CAN,0x77A,States_Temp_Press,-,injcutin_b,14,1,Intel,Unsigned,0,1,0,0,0,,<none>,
,MS4,,2,-,-,-,,MS CAN,0x77A,States_Temp_Press,-,injenrich_b,13,1,Intel,Unsigned,0,1,0,0,0,,<none>,
,MS4,,2,-,-,-,,MS CAN,0x77A,States_Temp_Press,-,injstartphase_b,12,1,Intel,Unsigned,0,1,0,0,0,,<none>,
,MS4,,2,-,-,-,,MS CAN,0x77A,States_Temp_Press,-,knockadaptenable_b,27,1,Intel,Unsigned,0,1,0,0,0,,<none>,
,MS4,,2,-,-,-,,MS CAN,0x77A,States_Temp_Press,-,knockenable_b,26,1,Intel,Unsigned,0,1,0,0,0,,<none>,
,MS4,,2,-,-,-,,MS CAN,0x77A,States_Temp_Press,-,lamctrl_2b,10,1,Intel,Unsigned,0,1,0,0,0,,<none>,
,MS4,,2,-,-,-,,MS CAN,0x77A,States_Temp_Press,-,lamctrl_b,11,1,Intel,Unsigned,0,1,0,0,0,,<none>,
,MS4,,2,-,-,-,,MS CAN,0x77A,States_Temp_Press,-,lap_b,22,1,Intel,Unsigned,0,1,0,0,0,,<none>,
,MS4,,2,-,-,-,,MS CAN,0x77A,States_Temp_Press,-,laptrig_b,21,1,Intel,Unsigned,0,1,0,0,0,,<none>,
,MS4,,2,-,-,-,,MS CAN,0x77A,States_Temp_Press,rowcounter_0x77A = 0x2,mappos,48,8,Intel,Unsigned,0,1,0,0,0,,<none>,
,MS4,,2,-,-,-,,MS CAN,0x77A,States_Temp_Press,-,mil_b,20,1,Intel,Unsigned,0,1,0,0,0,,<none>,
,MS4,,2,-,-,-,,MS CAN,0x77A,States_Temp_Press,-,oillamp_b,19,1,Intel,Unsigned,0,1,0,0,0,,<none>,
,MS4,,2,-,-,-,,MS CAN,0x77A,States_Temp_Press,rowcounter_0x77A = 0x5,oillamp_b,62,1,Intel,Unsigned,0,1,0,0,0,,<none>,
,MS4,,2,-,-,-,,MS CAN,0x77A,States_Temp_Press,rowcounter_0x77A = 0x2,pamb,40,16,Motorola,Unsigned,0,0.1,0,0,0,mBar,<none>,
,MS4,,2,-,-,-,,MS CAN,0x77A,States_Temp_Press,rowcounter_0x77A = 0x1,pcrank,32,8,Intel,Unsigned,0,5,0,0,0,mbar,<none>,
,MS4,,2,-,-,-,,MS CAN,0x77A,States_Temp_Press,rowcounter_0x77A = 0x1,pfuel,56,8,Intel,Unsigned,0,0.0514,0,0,0,bar,<none>,
,MS4,,2,-,-,-,,MS CAN,0x77A,States_Temp_Press,-,phsok_b,18,1,Intel,Unsigned,0,1,0,0,0,,<none>,
,MS4,,2,-,-,-,,MS CAN,0x77A,States_Temp_Press,-,phsokset_b,17,1,Intel,Unsigned,0,1,0,0,0,,<none>,
,MS4,,2,-,-,-,,MS CAN,0x77A,States_Temp_Press,rowcounter_0x77A = 0x1,poil,40,8,Intel,Unsigned,0,0.0514,0,0,0,bar,<none>,
,MS4,,2,-,-,-,,MS CAN,0x77A,States_Temp_Press,rowcounter_0x77A = 0x1,pwat,48,8,Intel,Unsigned,0,0.0514,0,0,0,bar,<none>,
,MS4,,2,-,-,-,,MS CAN,0x77A,States_Temp_Press,-,rev_b,30,1,Intel,Unsigned,0,1,0,0,0,,<none>,
,MS4,,2,-,-,-,,MS CAN,0x77A,States_Temp_Press,-,revlimit_b,29,1,Intel,Unsigned,0,1,0,0,0,,<none>,
,MS4,,2,-,-,-,,MS CAN,0x77A,States_Temp_Press,rowcounter_0x77A,rowcounter_0x77A,0,8,Intel,Unsigned,0,1,0,0,0,,<none>,
,MS4,,2,-,-,-,,MS CAN,0x77A,States_Temp_Press,rowcounter_0x77A = 0x5,shled1_b,56,1,Intel,Unsigned,0,1,0,0,0,,<none>,
,MS4,,2,-,-,-,,MS CAN,0x77A,States_Temp_Press,rowcounter_0x77A = 0x5,shled2_b,57,1,Intel,Unsigned,0,1,0,0,0,,<none>,
,MS4,,2,-,-,-,,MS CAN,0x77A,States_Temp_Press,rowcounter_0x77A = 0x5,shled3_b,58,1,Intel,Unsigned,0,1,0,0,0,,<none>,
,MS4,,2,-,-,-,,MS CAN,0x77A,States_Temp_Press,rowcounter_0x77A = 0x5,shled4_b,59,1,Intel,Unsigned,0,1,0,0,0,,<none>,
,MS4,,2,-,-,-,,MS CAN,0x77A,States_Temp_Press,rowcounter_0x77A = 0x5,shled5_b,60,1,Intel,Unsigned,0,1,0,0,0,,<none>,
,MS4,,2,-,-,-,,MS CAN,0x77A,States_Temp_Press,-,speedlimit_b,16,1,Intel,Unsigned,0,1,0,0,0,,<none>,
,MS4,,2,-,-,-,,MS CAN,0x77A,States_Temp_Press,-,speedlimitreq_b,24,1,Intel,Unsigned,0,1,0,0,0,,<none>,
,MS4,,2,-,-,-,,MS CAN,0x77A,States_Temp_Press,-,startend_b,28,1,Intel,Unsigned,0,1,0,0,0,,<none>,
,MS4,,2,-,-,-,,MS CAN,0x77A,States_Temp_Press,rowcounter_0x77A = 0x2,tair,56,8,Intel,Unsigned,0,1,-40,0,0,°C,<none>,
,MS4,,2,-,-,-,,MS CAN,0x77A,States_Temp_Press,-,tc_b,8,1,Intel,Unsigned,0,1,0,0,0,,<none>,
,MS4,,2,-,-,-,,MS CAN,0x77A,States_Temp_Press,rowcounter_0x77A = 0x5,tex,40,8,Intel,Unsigned,0,5,-40,0,0,°C,<none>,
,MS4,,2,-,-,-,,MS CAN,0x77A,States_Temp_Press,rowcounter_0x77A = 0x5,tex_2,48,8,Intel,Unsigned,0,5,-40,0,0,°C,<none>,
,MS4,,2,-,-,-,,MS CAN,0x77A,States_Temp_Press,rowcounter_0x77A = 0x4,tfuel,32,8,Intel,Unsigned,0,1,-40,0,0,°C,<none>,
,MS4,,2,-,-,-,,MS CAN,0x77A,States_Temp_Press,rowcounter_0x77A = 0x4,tlam,48,8,Intel,Unsigned,0,5,-40,0,0,°C,<none>,
,MS4,,2,-,-,-,,MS CAN,0x77A,States_Temp_Press,rowcounter_0x77A = 0x4,tlam_2,56,8,Intel,Unsigned,0,5,-40,0,0,°C,<none>,
,MS4,,2,-,-,-,,MS CAN,0x77A,States_Temp_Press,rowcounter_0x77A = 0x5,tmot,32,8,Intel,Unsigned,0,1,-40,0,0,°C,<none>,
,MS4,,2,-,-,-,,MS CAN,0x77A,States_Temp_Press,rowcounter_0x77A = 0x4,toil,40,8,Intel,Unsigned,0,1,-40,0,0,°C,<none>,
,MS4,,2,-,-,-,,MS CAN,0x77C,Boost_Pressures_Wastegate,-,p22_2m_pwg_m,24,16,Motorola,Unsigned,0,0.1,0,0,0,mBar,<none>,Signal beinhaltet abhängig von boost2license_b entweder p22_2m oder pwg_m...
,MS4,,2,-,-,-,,MS CAN,0x77C,Boost_Pressures_Wastegate,-,p22_m,8,16,Motorola,Unsigned,0,0.1,0,0,0,mBar,<none>,
,MS4,,2,-,-,-,,MS CAN,0x77C,Boost_Pressures_Wastegate,-,p22_sp,32,8,Intel,Unsigned,0,25-Jul,0,0,0,mBar,<none>,
,MS4,,2,-,-,-,,MS CAN,0x77C,Boost_Pressures_Wastegate,-,pwg_sp,40,8,Intel,Unsigned,0,25-Jul,0,0,0,mBar,<none>,Signal nur  mit boost2license_b verfügbar
,MS4,,2,-,-,-,,MS CAN,0x77C,Boost_Pressures_Wastegate,-,wgdc_2_wgdchold,56,8,Intel,Unsigned,0,0.392157,0,0,0,%,<none>,Signal beinhaltet abhängig von boost2license_b entweder wgdc_2  oder wgdchold...
,MS4,,2,-,-,-,,MS CAN,0x77C,Boost_Pressures_Wastegate,-,wgdc_wgdcvent,48,8,Intel,Unsigned,0,0.392157,0,0,0,%,<none>,Signal beinhaltet abhängig von boost2license_b entweder wgdc  oder wgdcvent...
,PDU,,0,12V Aerolüfter Batterie,,SUPPLY,-,,,,,,,,Intel,,,,,,,,<none>,
,PDU,,0,12V DCDC,,SUPPLY,-,,,,,,,,Intel,,,,,,,,<none>,
,PDU,,0,12V ECU 1,,SUPPLY,-,,,,,,,,Intel,,,,,,,,<none>,
,PDU,,0,12V ECU Heckrahmen,,SUPPLY,-,,,,,,,,Intel,,,,,,,,<none>,
,PDU,,0,12V ECU Motor,,SUPPLY,-,,,,,,,,Intel,,,,,,,,<none>,
,PDU,,0,12V IGN INJ,,SUPPLY,-,,,,,,,,Intel,,,,,,,,<none>,
,PDU,,0,12V Kraftstoffpumpe,,SUPPLY,-,,,,,,,,Intel,,,,,,,,<none>,
,PDU,,0,12V MS4,,SUPPLY,-,,,,,,,,Intel,,,,,,,,<none>,
,PDU,,0,12V Test H,,SUPPLY,-,,,,,,,,Intel,,,,,,,,<none>,
,PDU,,0,12V Test V,,SUPPLY,-,,,,,,,,Intel,,,,,,,,<none>,
,FCU,,0,24V,,SUPPLY,-,,,,,,,,Intel,,,,,,,,<none>,
,RCU,,0,24V,,SUPPLY,-,,,,,,,,Intel,,,,,,,,<none>,
,SWCU,,0,24V,,SUPPLY,-,,,,,,,,Intel,,,,,,,,<none>,
,PDU,,0,24V ARH Motoren,,SUPPLY,-,,,,,,,,Intel,,,,,,,,<none>,
,PDU,,0,24V Bremslicht,,SUPPLY,-,,,,,,,,Intel,,,,,,,,<none>,
,PDU,,0,24V DCDC,,SUPPLY,-,,,,,,,,Intel,,,,,,,,<none>,
,PDU,,0,24V ECU,,SUPPLY,-,,,,,,,,Intel,,,,,,,,<none>,
,PDU,,0,24V ECU,,SUPPLY,-,,,,,,,,Intel,,,,,,,,<none>,
,PDU,,0,24V ECU B1,,SUPPLY,-,,,,,,,,Intel,,,,,,,,<none>,
,PDU,,0,24V ECU Heckrahmen,,SUPPLY,-,,,,,,,,Intel,,,,,,,,<none>,
,PDU,,0,24V FCU,,SUPPLY,-,,,,,,,,Intel,,,,,,,,<none>,
,PDU,,0,24V HAL Logik,,SUPPLY,-,,,,,,,,Intel,,,,,,,,<none>,
,PDU,,0,24V HAL Motoren,,SUPPLY,-,,,,,,,,Intel,,,,,,,,<none>,
,PDU,,0,24V Öllüfter,,SUPPLY,-,,,,,,,,Intel,,,,,,,,<none>,
,PDU,,0,24V Schaltung Logik,,SUPPLY,-,,,,,,,,Intel,,,,,,,,<none>,
,PDU,,0,24V Schaltung Motoren,,SUPPLY,-,,,,,,,,Intel,,,,,,,,<none>,
,PDU,,0,24V Wasserpumpe,,SUPPLY,-,,,,,,,,Intel,,,,,,,,<none>,
,FCU,,0,5V FCU,,SUPPLY,-,,,,,,,,Intel,,,,,,,,<none>,
,RCU,,0,5V RCU,,SUPPLY,-,,,,,,,,Intel,,,,,,,,<none>,
,RCU,,2,Accel 1 X,,CAN,2_Mittel,AD CAN,0x150,Acceleration_1,,ADCAN_SP_Accel_1_X,8,16,Motorola,Unsigned,0,3,-7.5,-6,6,g,<none>,
,RCU,,2,Accel 1 Y,,CAN,2_Mittel,AD CAN,0x150,Acceleration_1,,ADCAN_SP_Accel_1_Y,24,16,Motorola,Unsigned,0,3,-7.5,-6,6,g,<none>,
,RCU,,2,Accel 1 Z,,CAN,2_Mittel,AD CAN,0x150,Acceleration_1,,ADCAN_SP_Accel_1_Z,40,16,Motorola,Unsigned,0,5,-12.5,-10,10,g,<none>,
,FCU,,2,Accel 2 X,,CAN,2_Mittel,AD CAN,0x151,Acceleration_2,,ADCAN_SP_Accel_2_X,8,16,Motorola,Unsigned,0,3,-7.5,-6,6,g,<none>,JASF3-BMW08-6-6-10/040/F3
,FCU,,2,Accel 2 Y,,CAN,2_Mittel,AD CAN,0x151,Acceleration_2,,ADCAN_SP_Accel_2_Y,24,16,Motorola,Unsigned,0,3,-7.5,-6,6,g,<none>,
,FCU,,2,Accel 2 Z,,CAN,2_Mittel,AD CAN,0x151,Acceleration_2,,ADCAN_SP_Accel_2_Z,40,16,Motorola,Unsigned,0,5,-12.5,-10,10,g,<none>,
,RCU,DASH,2,Aero L PWM,,CAN,2_Mittel,AD CAN,0x157,Aero_Fan_PWM,,ADCAN_AE_Fan_L_PWM,0,8,Intel,Unsigned,0,1,0,0,0,,<none>,
,RCU,,0,Aero L PWM,,DOUT,-,,,,,,,,Intel,,,,,,,,<none>,
,RCU,,0,Aero L PWM GND,,SUPPLY,-,,,,,,,,Intel,,,,,,,,<none>,
,RCU,DASH,2,Aero R PWM,,CAN,2_Mittel,AD CAN,0x157,Aero_Fan_PWM,,ADCAN_AE_Fan_R_PWM,8,8,Intel,Unsigned,0,1,0,0,0,,<none>,
,RCU,,0,Aero R PWM,,DOUT,-,,,,,,,,Intel,,,,,,,,<none>,
,RCU,,0,Aero R PWM GND,,SUPPLY,-,,,,,,,,Intel,,,,,,,,<none>,
,RCU_,DASH,2,Werte Aero Telemetrie 1,,CAN,2_Mittel,AD CAN,0x158,Aero_Fan_Telemetry,,ADCAN_AE_Fan_Telemetry_1,24,32,Motorola,Unsigned,0,1,0,0,0,,<none>,
,SWCU,,0,Aero Schalter 1,,DIN,-,,,,,,,,Intel,,,,,,,,<none>,
,SWCU,,0,Aero Schalter 2,,SUPPLY,-,,,,,,,,Intel,,,,,,,,<none>,
,RCU_,,0,Aero Telemetrie 1_1,,AIN,-,,,,,,,,Intel,,,,,,,,<none>,
,RCU_,,0,Aero Telemetrie 1_2,,AIN,-,,,,,,,,Intel,,,,,,,,<none>,
,RCU_,,0,Aero Telemetrie 1_3,,AIN,-,,,,,,,,Intel,,,,,,,,<none>,
,RCU_,,0,Aero Telemetrie 1_4,,AIN,-,,,,,,,,Intel,,,,,,,,<none>,
,RCU_,,0,Aero Telemetrie 1_5,,AIN,-,,,,,,,,Intel,,,,,,,,<none>,
,RCU_,,0,Aero Telemetrie 2_1,,AIN,-,,,,,,,,Intel,,,,,,,,<none>,
,RCU_,,0,Aero Telemetrie 2_2,,AIN,-,,,,,,,,Intel,,,,,,,,<none>,
,RCU_,,0,Aero Telemetrie 2_3,,AIN,-,,,,,,,,Intel,,,,,,,,<none>,
,RCU_,,0,Aero Telemetrie 2_4,,AIN,-,,,,,,,,Intel,,,,,,,,<none>,
,RCU_,,0,Aero Telemetrie 2_5,,AIN,-,,,,,,,,Intel,,,,,,,,<none>,
,RCU_,DASH,2,Werte Aero Telemetrie 2,,CAN,2_Mittel,AD CAN,0x158,Aero_Fan_Telemetry,,ADCAN_AE_Fan_Telemetry_2,56,32,Motorola,Unsigned,0,1,0,0,0,,<none>,
,RCU_,DASH,2,Aero Warnmeldungen,,CAN,1_Hoch,AD CAN,0x105,Aero_Fan_Warnings,,ADCAN_AE_Warnings,0,8,Intel,Unsigned,0,1,0,0,0,,<none>,
,FCU,,0,ARH 1 Homing,,DOUT,-,,,,,,,,Intel,,,,,,,,<none>,
,PDU,,2,Airbox Position,,CAN,3_Niedrig,AD CAN,0x200,Airbox_Position,,ADCAN_PT_Airbox_Pos,0,8,Intel,Unsigned,0,1,0,0,0,,<none>,
,FCU,,0,ARH 1 PWM,,DOUT,-,,,,,,,,Intel,,,,,,,,<none>,
,FCU,,2,ARH 1 Homing,,CAN,3_Niedrig,AD CAN,0x201,ARH_Homing,,ADCAN_SP_ARH_1_Homing,0,1,Motorola,Unsigned,0,1,0,0,0,,<none>,
,FCU,,0,ARH 1 PWM GND,,SUPPLY,-,,,,,,,,Intel,,,,,,,,<none>,
,FCU,,0,ARH 2 Homing,,DOUT,-,,,,,,,,Intel,,,,,,,,<none>,
,FCU,,2,ARH 2 Homing,,CAN,3_Niedrig,AD CAN,0x201,ARH_Homing,,ADCAN_SP_ARH_2_Homing,1,1,Motorola,Unsigned,0,1,0,0,0,,<none>,
,FCU,,0,ARH 2 PWM,,DOUT,-,,,,,,,,Intel,,,,,,,,<none>,
,FCU,DASH,2,ARH 1 PWM,,CAN,2_Mittel,AD CAN,0x160,ARH_PWM,,ADCAN_SP_ARH_1_PWM,0,8,Intel,Unsigned,0,1,0,0,0,,<none>,
,FCU,,0,ARH 2 PWM GND,,SUPPLY,-,,,,,,,,Intel,,,,,,,,<none>,
,FCU,DASH,2,ARH 2 PWM,,CAN,2_Mittel,AD CAN,0x160,ARH_PWM,,ADCAN_SP_ARH_2_PWM,8,8,Intel,Unsigned,0,1,0,0,0,,<none>,
,SWCU,,0,ARH Schalter 1,,DIN,-,,,,,,,,Intel,,,,,,,,<none>,
,SWCU,,0,ARH Schalter 2,,SUPPLY,-,,,,,,,,Intel,,,,,,,,<none>,
,FCU,,0,Batterie 24V Temp,,AIN,-,,,,,,,,Intel,,,,,,,,<none>,
,RCU,,2,Batterie 48V Temp 1,,CAN,3_Niedrig,AD CAN,0x203,Battery_Temp_48V,,ADCAN_EL_Battery_48V_Temp_1,0,8,Intel,Unsigned,0,100,0,0,150,°C,<none>,
,RCU,,2,Batterie 48V Temp 2,,CAN,3_Niedrig,AD CAN,0x203,Battery_Temp_48V,,ADCAN_EL_Battery_48V_Temp_2,8,8,Intel,Unsigned,0,100,0,0,150,°C,<none>,
,RCU,,0,Batterie 48V Temp 1,,AIN,-,,,,,,,,Intel,,,,,,,,<none>,
,RCU,,2,Batterie 48V Temp 3,,CAN,3_Niedrig,AD CAN,0x203,Battery_Temp_48V,,ADCAN_EL_Battery_48V_Temp_3,16,8,Intel,Unsigned,0,100,0,0,150,°C,<none>,
,RCU,,0,Batterie 48V Temp 2,,AIN,-,,,,,,,,Intel,,,,,,,,<none>,
,FCU,,2,Bremstemp VL,,CAN,3_Niedrig,AD CAN,0x205,Brake_Disc_F,,ADCAN_SP_Brake_Disc_Temp_FL,0,8,Intel,Unsigned,0,200,-100,0,800,°C,<none>,
,RCU,,0,Batterie 48V Temp 3,,AIN,-,,,,,,,,Intel,,,,,,,,<none>,
,FCU,,2,Bremstemp VR,,CAN,3_Niedrig,AD CAN,0x205,Brake_Disc_F,,ADCAN_SP_Brake_Disc_Temp_FR,8,8,Intel,Unsigned,0,200,-100,0,800,°C,<none>,
,PDU,,0,BOTS Diag 1,,DIN,-,,,,,,,,Intel,,,,,,,,<none>,
,PDU,,0,BOTS Diag 2,,SUPPLY,-,,,,,,,,Intel,,,,,,,,,
,FCU,,0,Bremsdruck HA,,AIN,-,,,,,,,,Intel,,,,,,,,<none>,
,RCU,,2,Bremstemp HL,,CAN,3_Niedrig,AD CAN,0x206,Brake_Disc_R,,ADCAN_SP_Brake_Disc_Temp_RL,0,8,Intel,Unsigned,0,200,-100,0,800,°C,<none>,
,FCU,,0,Bremsdruck VA,,AIN,-,,,,,,,,Intel,,,,,,,,<none>,
,RCU,,2,Bremstemp HR,,CAN,3_Niedrig,AD CAN,0x206,Brake_Disc_R,,ADCAN_SP_Brake_Disc_Temp_RR,8,8,Intel,Unsigned,0,200,-100,0,800,°C,<none>,
,FCU,,2,Bremsdruck VA,,CAN,2_Mittel,AD CAN,0x155,Brake_Pressure,,ADCAN_SP_Brake_Pressure_Front,0,8,Intel,Unsigned,0,40,-20,0,160,bar,<none>,
,RCU,,0,Bremstemp HL,,AIN,-,,,,,,,,Intel,,,,,,,,<none>,
,FCU,,2,Bremsdruck HA,,CAN,2_Mittel,AD CAN,0x155,Brake_Pressure,,ADCAN_SP_Brake_Pressure_Rear,8,8,Intel,Unsigned,0,40,-20,0,160,bar,<none>,
,RCU,,0,Bremstemp HR,,AIN,-,,,,,,,,Intel,,,,,,,,<none>,
,FCU,,0,Bremstemp VL,,AIN,-,,,,,,,,Intel,,,,,,,,<none>,
,PDU,,2,Stromsensor 1,,CAN,3_Niedrig,AD CAN,0x208,Current_Sensors,,ADCAN_EL_Current_Sensor_1,0,8,Intel,Unsigned,0,10,-25,-20,20,A,<none>,20A Sensoren
,FCU,,0,Bremstemp VR,,AIN,-,,,,,,,,Intel,,,,,,,,<none>,
,PDU,,2,Stromsensor 2,,CAN,3_Niedrig,AD CAN,0x208,Current_Sensors,,ADCAN_EL_Current_Sensor_2,8,8,Intel,Unsigned,0,10,-25,-20,20,A,<none>,20A Sensoren
,PDU,,2,Stromsensor 3,,CAN,3_Niedrig,AD CAN,0x208,Current_Sensors,,ADCAN_EL_Current_Sensor_3,16,8,Intel,Unsigned,0,10,-25,-20,20,A,<none>,20A Sensoren
,PDU,,0,BSPD Shutdown Out,,DIN,-,,,,,,,,Intel,,,,,,,,<none>,
,FCU,,0,CAN AD H,,SUPPLY,-,,,,,,,,Intel,,,,,,,,<none>,
,PDU,,0,CAN AD H,,SUPPLY,-,,,,,,,,Intel,,,,,,,,<none>,
,RCU,,0,CAN AD H,,SUPPLY,-,,,,,,,,Intel,,,,,,,,<none>,
,SWCU,,0,CAN AD H,,SUPPLY,-,,,,,,,,Intel,,,,,,,,<none>,
,FCU,,0,CAN AD L,,SUPPLY,-,,,,,,,,Intel,,,,,,,,<none>,
,PDU,,0,CAN AD L,,SUPPLY,-,,,,,,,,Intel,,,,,,,,<none>,
,RCU,,0,CAN AD L,,SUPPLY,-,,,,,,,,Intel,,,,,,,,<none>,
,SWCU,,0,CAN AD L,,SUPPLY,-,,,,,,,,Intel,,,,,,,,<none>,
,FCU,,0,CAN MS H,,SUPPLY,-,,,,,,,,Intel,,,,,,,,<none>,
,PDU,,0,CAN MS H,,SUPPLY,-,,,,,,,,Intel,,,,,,,,<none>,
,RCU,,0,CAN MS H,,SUPPLY,-,,,,,,,,Intel,,,,,,,,<none>,
,FCU,,0,CAN MS L,,SUPPLY,-,,,,,,,,Intel,,,,,,,,<none>,
,PDU,,0,CAN MS L,,SUPPLY,-,,,,,,,,Intel,,,,,,,,<none>,
,RCU,,0,CAN MS L,,SUPPLY,-,,,,,,,,Intel,,,,,,,,<none>,
,SWCU,,0,Clutch Schalter 1,,DIN,-,,,,,,,,Intel,,,,,,,,<none>,
,SWCU,,0,Clutch Schalter 2,,SUPPLY,-,,,,,,,,Intel,,,,,,,,<none>,
,PDU,,2,Stromsensor 4,,CAN,3_Niedrig,AD CAN,0x208,Current_Sensors,,ADCAN_EL_Current_Sensor_4,24,8,Intel,Unsigned,0,10,-25,-20,20,A,<none>,20A Sensoren
,RCU,,0,Clutch Signal,,DIN,-,,,,,,,,Intel,,,,,,,,<none>,
,SWCU,,0,Clutch Signal,,DOUT,-,,,,,,,,Intel,,,,,,,,<none>,
,PDU,,2,Stromsensor 5,,CAN,3_Niedrig,AD CAN,0x208,Current_Sensors,,ADCAN_EL_Current_Sensor_5,32,8,Intel,Unsigned,0,15.1515,-37.8787,-30,30,A,<none>,30A Sensoren
,PDU,,0,Cockpit Diag 1,,DIN,-,,,,,,,,Intel,,,,,,,,<none>,
,PDU,,0,Cockpit Diag 2,,SUPPLY,-,,,,,,,,Intel,,,,,,,,,
,PDU,,2,Stromsensor 6,,CAN,3_Niedrig,AD CAN,0x208,Current_Sensors,,ADCAN_EL_Current_Sensor_6,40,8,Intel,Unsigned,0,15.1515,-37.8787,-30,30,A,<none>,30A Sensoren
,PDU,,0,Crash Diag,,DIN,-,,,,,,,,Intel,,,,,,,,<none>,
,PDU,,0,Debug 24V,,SUPPLY,-,,,,,,,,Intel,,,,,,,,<none>,
,PDU,,0,Debug GND,,SUPPLY,-,,,,,,,,Intel,,,,,,,,<none>,
,PDU,,2,Stromsensor 7,,CAN,3_Niedrig,AD CAN,0x208,Current_Sensors,,ADCAN_EL_Current_Sensor_7,48,8,Intel,Unsigned,0,15.1515,-37.8787,-30,30,A,<none>,30A Sensoren
,RCU,,0,Drehrate 1 X,,AIN,-,,,,,,,,Intel,,,,,,,,<none>,
,PDU,,2,Stromsensor 8,,CAN,3_Niedrig,AD CAN,0x208,Current_Sensors,,ADCAN_EL_Current_Sensor_8,56,8,Intel,Unsigned,0,50,0,0,200,A,<none>,200A Sensoren
,RCU,,0,Drehrate 1 Y,,AIN,-,,,,,,,,Intel,,,,,,,,<none>,
,FCU,,2,Batterie 24V Temp,,CAN,3_Niedrig,AD CAN,0x210,FCU_ECU_Bat_Temp,,ADCAN_EL_Battery_24V_Temp,0,8,Intel,Unsigned,0,100,0,0,150,°C,<none>,
,RCU,,0,Drehrate 1 Z,,AIN,-,,,,,,,,Intel,,,,,,,,<none>,
,FCU,,0,Drehrate 2 X,,AIN,-,,,,,,,,Intel,,,,,,,,<none>,
,FCU,,2,ECU Temperatur 1,,CAN,3_Niedrig,AD CAN,0x210,FCU_ECU_Bat_Temp,,ADCAN_EL_ECU_Temp_FCU_1,8,8,Intel,Unsigned,0,100,-50,-40,150,°C,<none>,
,FCU,,0,Drehrate 2 Y,,AIN,-,,,,,,,,Intel,,,,,,,,<none>,
,FCU,,2,ECU Temperatur 2,,CAN,3_Niedrig,AD CAN,0x210,FCU_ECU_Bat_Temp,,ADCAN_EL_ECU_Temp_FCU_2,16,8,Intel,Unsigned,0,100,-50,-40,150,°C,<none>,
,FCU,,0,Drehrate 2 Z,,AIN,-,,,,,,,,Intel,,,,,,,,<none>,
,FCU,,2,Stabi Schalter,,CAN,3_Niedrig,AD CAN,0x212,FCU_Switches,,ADCAN_SP_ARB_Switch,0,8,Intel,Unsigned,0,1,0,0,0,,<none>,
,FCU,,0,ECU Temperatur 1,,AIN,-,,,,,,,,Intel,,,,,,,,<none>,
,FCU,,2,Launch Activated,,CAN,3_Niedrig,AD CAN,0x212,FCU_Switches,,ADCAN_SP_LaunchC_Activated,24,1,Intel,Unsigned,0,1,0,0,0,,<none>,
,FCU,,2,Launch Schalter,,CAN,3_Niedrig,AD CAN,0x212,FCU_Switches,,ADCAN_SP_LaunchC_Switch,8,8,Intel,Unsigned,0,1,0,0,0,,<none>,
,FCU,,2,HAL Schalter,,CAN,3_Niedrig,AD CAN,0x212,FCU_Switches,,ADCAN_SP_RAS_Switch,16,8,Intel,Unsigned,0,1,0,0,0,,<none>,
,(FCU),,2,FDS Reibwert LC,,CAN,3_Niedrig,AD CAN,0x215,FDS_Parameters,,ADCAN_SP_FDS_Friction_LC,0,8,Intel,Unsigned,0,1,0,0,0,,<none>,
,PDU,,0,ECU Temperatur 1,,AIN,-,,,,,,,,Intel,,,,,,,,<none>,
,RCU,,0,ECU Temperatur 1,,AIN,-,,,,,,,,,Unsigned,,,,,,,<none>,
,SWCU,,0,ECU Temperatur 1,,AIN,-,,,,,,,,,,,,,,,,<none>,
,FCU,,0,ECU Temperatur 2,,AIN,-,,,,,,,,Intel,Unsigned,0,3,-7.5,-6,6,g,<none>,
,(FCU),,2,FDS Gierrate VDE,,CAN,3_Niedrig,AD CAN,0x215,FDS_Parameters,,ADCAN_SP_FDS_Slip_mue_max,48,8,Intel,Unsigned,0,1,0,0,0,,<none>,
,(FCU),,2,FDS Schwimmwinkel VDE,,CAN,3_Niedrig,AD CAN,0x215,FDS_Parameters,,ADCAN_SP_FDS_Swim_VDE,8,8,Intel,Unsigned,0,1,0,0,0,,<none>,
,(FCU),,2,FDS Geschindigkeit VDE,,CAN,3_Niedrig,AD CAN,0x215,FDS_Parameters,,ADCAN_SP_FDS_Velo_VDE,16,8,Intel,Unsigned,0,1,0,0,0,,<none>,
,(FCU),,2,FDS Geschindigkeit VDE,,CAN,3_Niedrig,AD CAN,0x215,FDS_Parameters,,ADCAN_SP_FDS_Wheel_Slip_RL,32,8,Intel,Unsigned,0,1,0,0,0,,<none>,
,(FCU),,2,FDS Geschindigkeit VDE,,CAN,3_Niedrig,AD CAN,0x215,FDS_Parameters,,ADCAN_SP_FDS_Wheel_Slip_RR,40,8,Intel,Unsigned,0,1,0,0,0,,<none>,
,(FCU),,2,FDS Geschindigkeit VDE,,CAN,3_Niedrig,AD CAN,0x215,FDS_Parameters,,ADCAN_SP_FDS_Yaw_VDE,24,8,Intel,Unsigned,0,1,0,0,0,,<none>,
,PDU,,0,ECU Temperatur 2,,AIN,-,,,,,,,,Intel,,,,,,,,<none>,
,RCU,,0,ECU Temperatur 2,,AIN,-,,,,,,,,,Unsigned,,,,,,,<none>,
,(FCU),,2,FDS Schräglaufwinkel VL,,CAN,3_Niedrig,AD CAN,0x216,FDS_Wheel_Signals,,ADCAN_SP_FDS_Slip_Angle_FL,0,8,Intel,Unsigned,0,1,0,0,0,,<none>,
,PDU,,0,ECU Temperatur 3,,AIN,-,,,,,,,,Intel,,,,,,,,<none>,
,(FCU),,2,FDS Schräglaufwinkel VR,,CAN,3_Niedrig,AD CAN,0x216,FDS_Wheel_Signals,,ADCAN_SP_FDS_Slip_Angle_FR,8,8,Intel,Unsigned,0,1,0,0,0,,<none>,
,PDU,,0,ECU Temperatur 4,,AIN,-,,,,,,,,Intel,,,,,,,,<none>,
,(FCU),,2,FDS Schräglaufwinkel HL,,CAN,3_Niedrig,AD CAN,0x216,FDS_Wheel_Signals,,ADCAN_SP_FDS_Slip_Angle_RL,16,8,Intel,Unsigned,0,1,0,0,0,,<none>,
,EXT,,0,FoC_1_MS,-,-,3_Niedrig,MS CAN,,,,,,4,Intel,,,,,,,,<none>,
,(FCU),,2,FDS Schräglaufwinkel HR,,CAN,3_Niedrig,AD CAN,0x216,FDS_Wheel_Signals,,ADCAN_SP_FDS_Slip_Angle_RR,24,8,Intel,Unsigned,0,1,0,0,0,,<none>,
,EXT,,0,FoC_2_MS,-,-,3_Niedrig,MS CAN,,,,,,4,Intel,,,,,,,,<none>,
,RCU,,0,Gearcut,,DOUT,-,,,,,,,,Intel,Unsigned,,,,,,,<none>,
,FCU,,0,GND,,SUPPLY,-,,,,,,,,Intel,,,,,,,,<none>,
,PDU,,0,GND,,SUPPLY,-,,,,,,,,Intel,,,,,,,,<none>,
,RCU,,0,GND,,SUPPLY,-,,,,,,,,Intel,Unsigned,,,,,,,<none>,
,SWCU,,0,GND,,SUPPLY,-,,,,,,,,Intel,,,,,,,,<none>,
,FCU,,0,GND 5V FCU,,SUPPLY,-,,,,,,,,Intel,,,,,,,,<none>,
,RCU,,0,GND 5V RCU,,SUPPLY,-,,,,,,,,Intel,Unsigned,,,,,,,<none>,
,PDU,,0,GND ARH Motoren,,SUPPLY,-,,,,,,,,Intel,,,,,,,,<none>,
,PDU,,0,GND B1,,SUPPLY,-,,,,,,,,Intel,,,,,,,,<none>,
,PDU,,0,GND DCDC,,SUPPLY,-,,,,,,,,Intel,,,,,,,,<none>,
,PDU,,0,GND F3,,SUPPLY,-,,,,,,,,Intel,,,,,,,,<none>,
,PDU,,0,GND FCU,,SUPPLY,-,,,,,,,,Intel,,,,,,,,<none>,
,PDU,,0,GND HAL,,SUPPLY,-,,,,,,,,Intel,,,,,,,,<none>,
,PDU,,0,GND IGN INJ,,SUPPLY,-,,,,,,,,Intel,,,,,,,,<none>,
,PDU,,0,GND MS4,,SUPPLY,-,,,,,,,,Intel,,,,,,,,<none>,
,PDU,,0,GND RCU,,SUPPLY,-,,,,,,,,Intel,,,,,,,,<none>,
,PDU,,0,GND S1,,SUPPLY,-,,,,,,,,Intel,,,,,,,,<none>,
,PDU,,0,GND Schaltung,,SUPPLY,-,,,,,,,,Intel,,,,,,,,<none>,
,PDU,,0,GND Telemetrie,,SUPPLY,-,,,,,,,,Intel,,,,,,,,<none>,
,PDU,,0,GND Test H,,SUPPLY,-,,,,,,,,Intel,,,,,,,,<none>,
,PDU,,0,GND Test V,,SUPPLY,-,,,,,,,,Intel,,,,,,,,<none>,
,PDU,,0,GND Wasserpumpe,,SUPPLY,-,,,,,,,,Intel,,,,,,,,<none>,
,RCU,,0,Gyro 1 X,,AIN,-,,,,,,,,Intel,Unsigned,,,,,,,<none>,
,RCU,,0,Gyro 1 Y,,AIN,-,,,,,,,,Intel,,,,,,,,<none>,
,RCU,,0,Gyro 1 Z,,AIN,-,,,,,,,,Intel,,,,,,,,<none>,
,FCU,,0,Gyro X,,AIN,-,,,,,,,,Intel,,,,,,,,<none>,
,FCU,,0,Gyro Y,,AIN,-,,,,,,,,Intel,,,,,,,,<none>,
,FCU,,0,Gyro Z,,AIN,-,,,,,,,,Intel,,,,,,,,<none>,
,(FCU),,2,FDS Radlast VL,,CAN,3_Niedrig,AD CAN,0x216,FDS_Wheel_Signals,,ADCAN_SP_FDS_Whl_Load_FL,32,8,Intel,Unsigned,0,1,0,0,0,,<none>,
,RCU,,0,HAL L Homing,,DOUT,-,,,,,,,,Intel,,,,,,,,<none>,
,(FCU),,2,FDS Radlast VR,,CAN,3_Niedrig,AD CAN,0x216,FDS_Wheel_Signals,,ADCAN_SP_FDS_Whl_Load_FR,40,8,Intel,Unsigned,0,1,0,0,0,,<none>,
,RCU,,0,HAL L PWM,,DOUT,-,,,,,,,,Intel,,,,,,,,<none>,
,RCU,,0,HAL L PWM GND,,SUPPLY,-,,,,,,,,Intel,,,,,,,,<none>,
,(FCU),,2,FDS Radlast HL,,CAN,3_Niedrig,AD CAN,0x216,FDS_Wheel_Signals,,ADCAN_SP_FDS_Whl_Load_RL,48,8,Intel,Unsigned,0,1,0,0,0,,<none>,
,RCU,,0,HAL R Homing,,DOUT,-,,,,,,,,Intel,,,,,,,,<none>,
,(FCU),,2,FDS Radlast HR,,CAN,3_Niedrig,AD CAN,0x216,FDS_Wheel_Signals,,ADCAN_SP_FDS_Whl_Load_RR,56,8,Intel,Unsigned,0,1,0,0,0,,<none>,
,RCU,,0,HAL R PWM,,DOUT,-,,,,,,,,Intel,,,,,,,,<none>,
,RCU,,0,HAL R PWM GND,,SUPPLY,-,,,,,,,,Intel,,,,,,,,<none>,
,EXT,,2,FoC_1_AD,-,CAN,3_Niedrig,AD CAN,0x222,Flash_Over_Can,,ADCAN_EL_FoC_1,0,8,Intel,Unsigned,0,1,0,0,0,,<none>,
,FCU,,0,HAL Schalter A,,DIN,-,,,,,,,,Intel,,,,,,,,<none>,
,FCU,,0,HAL Schalter B,,DIN,-,,,,,,,,Intel,,,,,,,,<none>,
,FCU,,0,HAL Schalter C,,DIN,-,,,,,,,,Intel,,,,,,,,<none>,
,FCU,,0,HAL Schalter D,,DIN,-,,,,,,,,Intel,,,,,,,,<none>,
,EXT,,2,FoC_2_AD,-,CAN,3_Niedrig,AD CAN,0x222,Flash_Over_Can,,ADCAN_EL_FoC_2,8,8,Intel,Unsigned,0,1,0,0,0,,<none>,
,RCU,,2,Rahmendruck,,CAN,3_Niedrig,AD CAN,0x218,Frame_Pressure,,ADCAN_CH_Frame_Pressure,0,8,Intel,Unsigned,0,2.5,-1.25,0,10,bar,<none>,
,SWCU,,0,INCR 1 A,,DIN,-,,,,,,,,Intel,,,,,,,,<none>,
,SWCU,,0,INCR 1 B,,DIN,-,,,,,,,,Intel,,,,,,,,<none>,
,SWCU,,0,INCR 1 C,,DIN,-,,,,,,,,Intel,,,,,,,,<none>,
,SWCU,,0,INCR 1 D,,DIN,-,,,,,,,,Intel,,,,,,,,<none>,
,SWCU,,0,INCR 1 E,,SUPPLY,-,,,,,,,,Intel,,,,,,,,<none>,
,RCU,,2,Drehrate 1 X,,CAN,2_Mittel,AD CAN,0x152,Gyroscope_1,,ADCAN_SP_Gyro_1_X,8,16,Motorola,Unsigned,0,25,-62.5,-100,100,deg/s,<none>,
,SWCU,,0,INCR 2 A,,DIN,-,,,,,,,,Intel,,,,,,,,<none>,
,SWCU,,0,INCR 2 B,,DIN,-,,,,,,,,Intel,,,,,,,,<none>,
,SWCU,,0,INCR 2 C,,DIN,-,,,,,,,,Intel,,,,,,,,<none>,
,SWCU,,0,INCR 2 D,,DIN,-,,,,,,,,Intel,,,,,,,,<none>,
,SWCU,,0,INCR 2 E,,SUPPLY,-,,,,,,,,Intel,,,,,,,,<none>,
,PDU,,0,Kraftstoffpumpe Signal,,DIN,-,,,,,,,,Intel,,,,,,,,<none>,
,RCU,,2,Drehrate 1 Y,,CAN,2_Mittel,AD CAN,0x152,Gyroscope_1,,ADCAN_SP_Gyro_1_Y,24,16,Motorola,Unsigned,0,25,-62.5,-100,100,deg/s,<none>,
,RCU,,0,Kupplung 232 GND,,SUPPLY,-,,,,,,,,Intel,,,,,,,,<none>,
,RCU,,0,Kupplung AGND,,SUPPLY,-,,,,,,,,Intel,,,,,,,,<none>,
,RCU,,2,Drehrate 1 Z,,CAN,2_Mittel,AD CAN,0x152,Gyroscope_1,,ADCAN_SP_Gyro_1_Z,40,16,Motorola,Unsigned,0,50,-125,-150,150,deg/s,<none>,
,RCU,,0,Kupplung DigIn 1,,DOUT,-,,,,,,,,Intel,,,,,,,,<none>,
,FCU,,2,Drehrate 2 X,,CAN,2_Mittel,AD CAN,0x153,Gyroscope_2,,ADCAN_SP_Gyro_2_X,8,16,Motorola,Unsigned,0,25,-62.5,-100,100,deg/s,<none>,GYRN3-S-F10-LP-XA-YA-ZB
,RCU,,0,Kupplung LC,,DOUT,-,,,,,,,,Intel,,,,,,,,<none>,
,RCU,,0,Kupplung RX,,SUPPLY,-,,,,,,,,Intel,,,,,,,,<none>,
,RCU,,0,Kupplung TX,,SUPPLY,-,,,,,,,,Intel,,,,,,,,<none>,
,FCU,,2,Drehrate 2 Y,,CAN,2_Mittel,AD CAN,0x153,Gyroscope_2,,ADCAN_SP_Gyro_2_Y,24,16,Motorola,Unsigned,0,25,-62.5,-100,100,deg/s,<none>,
,FCU,,2,Drehrate 2 Z,,CAN,2_Mittel,AD CAN,0x153,Gyroscope_2,,ADCAN_SP_Gyro_2_Z,40,16,Motorola,Unsigned,0,50,-125,-150,150,deg/s,<none>,
,FCU,,0,Launch Schalter A,,DIN,-,,,,,,,,Intel,,,50,-125,,,,<none>,
,FCU,,0,Launch Schalter B,,DIN,-,,,,,,,,Intel,,,,,,,,<none>,
,FCU,,0,Launch Schalter C,,DIN,-,,,,,,,,Intel,,,,,,,,<none>,
,FCU,,0,Launch Schalter D,,DIN,-,,,,,,,,Intel,,,,,,,,<none>,
,FCU,,0,Lenkwinkel,,AIN,-,,,,,,,,Intel,,,,,,,,<none>,
,FCU,DASH,2,Niveau VL Niveau,,CAN,1_Hoch,AD CAN,0x111,Niveau_F,,ADCAN_SP_Niveau_FL_Niveau,0,8,Intel,Unsigned,0,25,25,50,150,mm,<none>,
,PDU,,0,Mainhoop L Diag 1,,DIN,-,,,,,,,,Intel,,,,,,,,<none>,
,FCU,DASH,2,Niveau VR Niveau,,CAN,1_Hoch,AD CAN,0x111,Niveau_F,,ADCAN_SP_Niveau_FR_Niveau,8,8,Intel,Unsigned,0,25,25,50,150,mm,<none>,
,PDU,,0,Mainhoop L Diag 2,,SUPPLY,-,,,,,,,,Intel,,,,,,,,<none>,
,PDU,,0,Mainhoop R Diag 1,,DIN,-,,,,,,,,Intel,,,,,,,,<none>,
,FCU,,2,Niveau VL Error,,CAN,3_Niedrig,AD CAN,0x219,Niveau_Front_Status,,ADCAN_SP_Niveau_FL_Error,16,1,Intel,Unsigned,0,1,0,0,0,,<none>,
,PDU,,0,Mainhoop R Diag 2,,SUPPLY,-,,,,,,,,Intel,,,,,,,,<none>,
,FCU,,2,Niveau VL FKT,,CAN,3_Niedrig,AD CAN,0x219,Niveau_Front_Status,,ADCAN_SP_Niveau_FL_Function,0,8,Intel,Unsigned,0,1,0,0,0,,<none>,
,RCU,,0,Niveau H Error,,DIN,-,,,,,,,,Intel,,,,,,,,<none>,
,FCU,,2,Niveau VL On/Off,,CAN,3_Niedrig,AD CAN,0x219,Niveau_Front_Status,,ADCAN_SP_Niveau_FL_on_off,17,1,Intel,Unsigned,0,1,0,0,0,,<none>,
,RCU,,0,Niveau H FKT,,DOUT,-,,,,,,,,Intel,,,,,,,,<none>,
,FCU,,2,Niveau VR Error,,CAN,3_Niedrig,AD CAN,0x219,Niveau_Front_Status,,ADCAN_SP_Niveau_FR_Error,18,1,Intel,Unsigned,0,1,0,0,0,,<none>,
,RCU,,0,Niveau H Niveau,,AIN,-,,,,,,,,Intel,,,,,,,,<none>,
,FCU,,0,Niveau VL Error,,DIN,-,,,,,,,,Intel,,,,,,,,<none>,
,FCU,,2,Niveau VR FKT,,CAN,3_Niedrig,AD CAN,0x219,Niveau_Front_Status,,ADCAN_SP_Niveau_FR_Function,8,8,Intel,Unsigned,0,1,0,0,0,,<none>,
,FCU,,0,Niveau VL FKT,,DOUT,-,,,,,,,,Intel,,,,,,,,<none>,
,FCU,,2,Niveau VR On/Off,,CAN,3_Niedrig,AD CAN,0x219,Niveau_Front_Status,,ADCAN_SP_Niveau_FR_on_off,19,1,Intel,Unsigned,0,1,0,0,0,,<none>,
,FCU,,0,Niveau VL Niveau,,AIN,-,,,,,,,,Intel,,,,,,,,<none>,
,RCU,FCU / DASH,2,Niveau H Niveau,,CAN,1_Hoch,AD CAN,0x110,Niveau_R,,ADCAN_SP_Niveau_R_Niveau,0,8,Intel,Unsigned,0,25,25,50,150,mm,<none>,100mm Messbereich ILD1420-100
,FCU,,0,Niveau VL On/Off,,DOUT,-,,,,,,,,Intel,,,,,,,,<none>,
,RCU,,2,Niveau H Error,,CAN,3_Niedrig,AD CAN,0x220,Niveau_Rear_Status,,ADCAN_SP_Niveau_R_Error,8,1,Intel,Unsigned,0,1,0,0,0,,<none>,
,FCU,,0,Niveau VR Error,,DIN,-,,,,,,,,Intel,,,,,,,,<none>,
,RCU,,2,Niveau H FKT,,CAN,3_Niedrig,AD CAN,0x220,Niveau_Rear_Status,,ADCAN_SP_Niveau_R_Function,0,8,Intel,Unsigned,0,1,0,0,0,,<none>,
,FCU,,0,Niveau VR FKT,,DOUT,-,,,,,,,,Intel,,,,,,,,<none>,
,RCU,,2,Öldruck,,CAN,2_Mittel,AD CAN,0x163,Oil_Pressure,,ADCAN_PT_Oil_Pressure,0,8,Intel,Unsigned,0,2.5,-1.25,0,10,bar,<none>,
,FCU,,0,Niveau VR Niveau,,AIN,-,,,,,,,,Intel,,,,,,,,<none>,
,RCU,,2,Ölstand,,CAN,3_Niedrig,AD CAN,0x224,Oil_Pressure_Status,,ADCAN_PT_Oil_Level,0,8,Intel,Unsigned,0,1,0,0,0,,<none>,
,FCU,,0,Niveau VR On/Off,,DOUT,-,,,,,,,,Intel,,,,,,,,<none>,
,RCU,,2,Ölstand RS232,,CAN,3_Niedrig,AD CAN,0x224,Oil_Pressure_Status,,ADCAN_PT_Oil_Level_RS232,16,1,Intel,Unsigned,0,1,0,0,0,,<none>,"Info, wenn über RS232 geflashed oder kalibriert wird."
,RCU,,2,Öltemp 1,,CAN,3_Niedrig,AD CAN,0x224,Oil_Pressure_Status,,ADCAN_PT_Oil_Temp,8,8,Intel,Unsigned,0,57.5,-83.75,-55,175,°C,<none>,
,SWCU,,0,Oh Shit 1,,DIN,-,,,,,,,,Intel,,,,,,,,<none>,
,SWCU,,0,Oh Shit 2,,SUPPLY,-,,,,,,,,Intel,,,,,,,,<none>,
,PDU,,0,Öl PWM,,DOUT,-,,,,,,,,Intel,,,,,,,,<none>,
,PDU,,2,ECU Temperatur 1,,CAN,3_Niedrig,AD CAN,0x230,PDU_ECU_Temp,,ADCAN_EL_ECU_Temp_PDU_1,0,8,Intel,Unsigned,0,100,-50,-40,150,°C,<none>,
,PDU,,0,Öl PWM GND,,SUPPLY,-,,,,,,,,Intel,,,,,,,,<none>,
,PDU,,2,ECU Temperatur 2,,CAN,3_Niedrig,AD CAN,0x230,PDU_ECU_Temp,,ADCAN_EL_ECU_Temp_PDU_2,8,8,Intel,Unsigned,0,100,-50,-40,150,°C,<none>,
,PDU,,2,ECU Temperatur 3,,CAN,3_Niedrig,AD CAN,0x230,PDU_ECU_Temp,,ADCAN_EL_ECU_Temp_PDU_3,16,8,Intel,Unsigned,0,100,-50,-40,150,°C,<none>,
,PDU,,2,ECU Temperatur 4,,CAN,3_Niedrig,AD CAN,0x230,PDU_ECU_Temp,,ADCAN_EL_ECU_Temp_PDU_4,24,8,Intel,Unsigned,0,100,-50,-40,150,°C,<none>,
,RCU,,0,Öldruck,,AIN,-,,,,,,,,Intel,,,,,,,,<none>,
,PDU,,2,Mainhoop L Diag 1,,CAN,3_Niedrig,AD CAN,0x226,PDU_Status,,ADCAN_CH_Mainhoop_Diag_L_1,0,1,Intel,Unsigned,0,1,0,0,0,,<none>,
,PDU,,2,Mainhoop R Diag 1,,CAN,3_Niedrig,AD CAN,0x226,PDU_Status,,ADCAN_CH_Mainhoop_Diag_R_1,1,1,Intel,Unsigned,0,1,0,0,0,,<none>,
,RCU,,0,Ölstand,,AIN,-,,,,,,,,Intel,,,,,,,,<none>,
,PDU,,2,BOTS Diag 1,,CAN,3_Niedrig,AD CAN,0x226,PDU_Status,,ADCAN_EL_BOTS_Diag_1,2,1,Intel,Unsigned,0,1,0,0,0,,<none>,
,RCU,,0,Ölstand RX,,SUPPLY,-,,,,,,,,Intel,,,,,,,,<none>,
,RCU,,0,Ölstand TX,,SUPPLY,-,,,,,,,,Intel,,,,,,,,<none>,
,PDU,,2,BSPD Shutdown Out,,CAN,3_Niedrig,AD CAN,0x226,PDU_Status,,ADCAN_EL_BSPD_Shutdown_Out,3,1,Intel,Unsigned,0,1,0,0,0,,<none>,
,RCU,,0,Öltemp 1,,AIN,-,,,,,,,,Intel,,,,,,,,<none>,
,RCU,,0,Öltemp 2,,SUPPLY,-,,,,,,,,Intel,,,,,,,,<none>,
,FCU,,0,Pitot 1,,AIN,-,,,,,,,,Intel,,,,,,,,<none>,
,PDU,,2,Cockpit Diag 1,,CAN,3_Niedrig,AD CAN,0x226,PDU_Status,,ADCAN_EL_Cockpit_Diag_1,4,1,Intel,Unsigned,0,1,0,0,0,,<none>,
,FCU,,0,Pitot 2,,AIN,-,,,,,,,,Intel,,,,,,,,<none>,
,PDU,,2,Crash Diag,,CAN,3_Niedrig,AD CAN,0x226,PDU_Status,,ADCAN_EL_Crash_Diag,5,1,Intel,Unsigned,0,1,0,0,0,,<none>,
,FCU,,0,Pitot 3,,AIN,-,,,,,,,,Intel,,,,,,,,<none>,
,PDU,,2,Sicherungsstatus 1,,CAN,3_Niedrig,AD CAN,0x226,PDU_Status,,ADCAN_EL_Fuse_Status_1,6,1,Intel,Unsigned,0,1,0,0,0,,<none>,
,FCU,,0,Radio Schalter 1,,DOUT,-,,,,,,,,Intel,,,,,,,,<none>,
,PDU,,2,Sicherungsstatus 10,,CAN,3_Niedrig,AD CAN,0x226,PDU_Status,,ADCAN_EL_Fuse_Status_10,7,1,Intel,Unsigned,0,1,0,0,0,,<none>,
,SWCU,,0,Radio Schalter 1,,DIN,-,,,,,,,,Intel,,,,,,,,<none>,
,FCU,,0,Radio Schalter 2,,SUPPLY,-,,,,,,,,Intel,,,,,,,,<none>,
,SWCU,,0,Radio Schalter 2,,SUPPLY,-,,,,,,,,Intel,,,,,,,,<none>,
,PDU,,2,Sicherungsstatus 2,,CAN,3_Niedrig,AD CAN,0x226,PDU_Status,,ADCAN_EL_Fuse_Status_11,8,1,Intel,Unsigned,0,1,0,0,0,,<none>,
,RCU,,0,Rahmendruck,,AIN,-,,,,,,,,Intel,,,,,,,,<none>,
,PDU,,0,Relaisstatus 1,,DIN,-,,,,,,,,Intel,,,,,,,,<none>,
,PDU,,2,Sicherungsstatus 3,,CAN,3_Niedrig,AD CAN,0x226,PDU_Status,,ADCAN_EL_Fuse_Status_12,9,1,Intel,Unsigned,0,1,0,0,0,,<none>,
,PDU,,0,Relaisstatus 10,,DIN,-,,,,,,,,Intel,,,,,,,,<none>,
,PDU,,2,Sicherungsstatus 4,,CAN,3_Niedrig,AD CAN,0x226,PDU_Status,,ADCAN_EL_Fuse_Status_13,10,1,Intel,Unsigned,0,1,0,0,0,,<none>,
,PDU,,0,Relaisstatus 2,,DIN,-,,,,,,,,Intel,,,,,,,,<none>,
,PDU,,2,Sicherungsstatus 5,,CAN,3_Niedrig,AD CAN,0x226,PDU_Status,,ADCAN_EL_Fuse_Status_14,11,1,Intel,Unsigned,0,1,0,0,0,,<none>,
,PDU,,0,Relaisstatus 3,,DIN,-,,,,,,,,Intel,,,,,,,,<none>,
,PDU,,2,Sicherungsstatus 6,,CAN,3_Niedrig,AD CAN,0x226,PDU_Status,,ADCAN_EL_Fuse_Status_15,12,1,Intel,Unsigned,0,1,0,0,0,,<none>,
,PDU,,0,Relaisstatus 4,,DIN,-,,,,,,,,Intel,,,,,,,,<none>,
,PDU,,2,Sicherungsstatus 7,,CAN,3_Niedrig,AD CAN,0x226,PDU_Status,,ADCAN_EL_Fuse_Status_16,13,1,Intel,Unsigned,0,1,0,0,0,,<none>,
,PDU,,0,Relaisstatus 5,,DIN,-,,,,,,,,Intel,,,,,,,,<none>,
,PDU,,2,Sicherungsstatus 8,,CAN,3_Niedrig,AD CAN,0x226,PDU_Status,,ADCAN_EL_Fuse_Status_17,14,1,Intel,Unsigned,0,1,0,0,0,,<none>,
,PDU,,0,Relaisstatus 6,,DIN,-,,,,,,,,Intel,,,,,,,,<none>,
,PDU,,2,Sicherungsstatus 9,,CAN,3_Niedrig,AD CAN,0x226,PDU_Status,,ADCAN_EL_Fuse_Status_18,15,1,Intel,Unsigned,0,1,0,0,0,,<none>,
,PDU,,0,Relaisstatus 7,,DIN,-,,,,,,,,Intel,,,,,,,,<none>,
,PDU,,2,Sicherungsstatus 11,,CAN,3_Niedrig,AD CAN,0x226,PDU_Status,,ADCAN_EL_Fuse_Status_19,16,1,Intel,Unsigned,0,1,0,0,0,,<none>,
,PDU,,0,Relaisstatus 8,,DIN,-,,,,,,,,Intel,,0,,,,,,<none>,
,PDU,,2,Sicherungsstatus 12,,CAN,3_Niedrig,AD CAN,0x226,PDU_Status,,ADCAN_EL_Fuse_Status_2,17,1,Intel,Unsigned,0,1,0,0,0,,<none>,
,PDU,,0,Relaisstatus 9,,DIN,-,,,,,,,,Intel,,0,,,,,,<none>,
,PDU,,2,Sicherungsstatus 13,,CAN,3_Niedrig,AD CAN,0x226,PDU_Status,,ADCAN_EL_Fuse_Status_3,18,1,Intel,Unsigned,0,1,0,0,0,,<none>,
,PDU,,0,Reserve Signal L,,DIN,-,,,,,,,,Intel,,,,,,,,<none>,
,PDU,,2,Sicherungsstatus 14,,CAN,3_Niedrig,AD CAN,0x226,PDU_Status,,ADCAN_EL_Fuse_Status_4,19,1,Intel,Unsigned,0,1,0,0,0,,<none>,
,PDU,,0,Reserve Signal R,,DIN,-,,,,,,,,Intel,,,,,,,,<none>,
,PDU,,2,Sicherungsstatus 15,,CAN,3_Niedrig,AD CAN,0x226,PDU_Status,,ADCAN_EL_Fuse_Status_5,20,1,Intel,Unsigned,0,1,0,0,0,,<none>,
,PDU,,2,Sicherungsstatus 16,,CAN,3_Niedrig,AD CAN,0x226,PDU_Status,,ADCAN_EL_Fuse_Status_6,21,1,Intel,Unsigned,0,1,0,0,0,,<none>,
,RCU,,0,Rocker HL,,AIN,-,,,,,,,,Intel,,,,,,,,<none>,
,PDU,,2,Sicherungsstatus 17,,CAN,3_Niedrig,AD CAN,0x226,PDU_Status,,ADCAN_EL_Fuse_Status_7,22,1,Intel,Unsigned,0,1,0,0,0,,<none>,
,RCU,,0,Rocker HR,,AIN,-,,,,,,,,Intel,,,,,,,,<none>,
,FCU,,0,Rocker VL,,AIN,-,,,,,,,,Intel,,,,,,,,<none>,
,PDU,,2,Sicherungsstatus 18,,CAN,3_Niedrig,AD CAN,0x226,PDU_Status,,ADCAN_EL_Fuse_Status_8,23,1,Intel,Unsigned,0,1,0,0,0,,<none>,
,FCU,,0,Rocker VR,,AIN,-,,,,,,,,Intel,,,,,,,,<none>,
,PDU,,2,Sicherungsstatus 19,,CAN,3_Niedrig,AD CAN,0x226,PDU_Status,,ADCAN_EL_Fuse_Status_9,24,1,Intel,Unsigned,0,1,0,0,0,,<none>,
,PDU,,0,Saugrohr A,,SUPPLY,-,,,,,,,,Intel,,,,,,,,<none>,
,PDU,,0,Saugrohr B,,SUPPLY,-,,,,,,,,Intel,,,,,,,,<none>,
,PDU,,0,Saugrohr C,,SUPPLY,-,,,,,,,,Intel,,,,,,,,<none>,
,PDU,,0,Saugrohr ENC 5V,,SUPPLY,-,,,,,,,,Intel,,,,,,,,<none>,
,PDU,,0,Saugrohr ENC A,,SUPPLY,-,,,,,,,,Intel,,,,,,,,<none>,
,PDU,,0,Saugrohr ENC C,,SUPPLY,-,,,,,,,,Intel,,,,,,,,<none>,
,PDU,,0,Saugrohr ENC GND,,SUPPLY,-,,,,,,,,Intel,,,,,,,,<none>,
,PDU,,0,Sauhrohr ENC B,,SUPPLY,-,,,,,,,,Intel,,,,,,,,<none>,
,PDU,,2,Relaisstatus 1,,CAN,3_Niedrig,AD CAN,0x226,PDU_Status,,ADCAN_EL_Relais_Status_1,25,1,Intel,Unsigned,0,1,0,0,0,,<none>,
,RCU,,0,Schaltkraft On/Off,,DOUT,-,,,,,,,,Intel,,,,,,,,<none>,
,PDU,,2,Relaisstatus 2,,CAN,3_Niedrig,AD CAN,0x226,PDU_Status,,ADCAN_EL_Relais_Status_2,26,1,Intel,Unsigned,0,1,0,0,0,,<none>,
,RCU,,0,Schaltkraftsensor,,AIN,-,,,,,,,,Intel,,,,,,,,<none>,
,RCU,,0,Schaltung AGND,,SUPPLY,-,,,,,,,,Intel,,,,,,,,<none>,
,PDU,,2,Shutdown Cockpit Out,,CAN,3_Niedrig,AD CAN,0x226,PDU_Status,,ADCAN_EL_Shutdown_Cockpit,27,1,Intel,Unsigned,0,1,0,0,0,,<none>,
,RCU,,0,Schaltung DigIn 1,,DOUT,-,,,,,,,,Intel,,,,,,,,<none>,
,PDU,,2,Kraftstoffpumpe Signal,,CAN,3_Niedrig,AD CAN,0x226,PDU_Status,,ADCAN_PT_Fuel_Pump_Signal,28,1,Intel,Unsigned,0,1,0,0,0,,<none>,
,RCU,,0,Schaltung LC,,DOUT,-,,,,,,,,Intel,,,,,,,,<none>,
,FCU,,0,Schirm CAN AD,,SUPPLY,-,,,,,,,,Intel,,,,,,,,<none>,
,PDU,,0,Schirm CAN AD,,SUPPLY,-,,,,,,,,Intel,,,,,,,,<none>,
,RCU,,0,Schirm CAN AD,,SUPPLY,-,,,,,,,,Intel,,,,,,,,<none>,
,SWCU,,0,Schirm CAN AD,,SUPPLY,-,,,,,,,,Intel,,,,,,,,<none>,
,FCU,,0,Schirm CAN MS,,SUPPLY,-,,,,,,,,Intel,,,,,,,,<none>,
,PDU,,0,Schirm CAN MS,,SUPPLY,-,,,,,,,,Intel,,,,,,,,<none>,
,RCU,,0,Schirm CAN MS,,SUPPLY,-,,,,,,,,Intel,,,,,,,,<none>,
,SWCU,,0,Shift Down Schalter 1,,DIN,-,,,,,,,,Intel,,,,,,,,<none>,
,SWCU,,0,Shift Down Schalter 2,,SUPPLY,-,,,,,,,,Intel,,,,,,,,<none>,
,PDU,,2,Reserve Signal L,,CAN,3_Niedrig,AD CAN,0x226,PDU_Status,,ADCAN_PT_Reserve_Signal_L,29,1,Intel,Unsigned,0,1,0,0,0,,<none>,
,RCU,,0,Shift Down Signal,,DIN,-,,,,,,,,Intel,,,,,,,,<none>,
,SWCU,,0,Shift Down Signal,,DOUT,-,,,,,,,,Intel,,,,,,,,<none>,
,SWCU,,0,Shift Up Schalter 1,,DIN,-,,,,,,,,Intel,,,,,,,,<none>,
,SWCU,,0,Shift Up Schalter 2,,SUPPLY,-,,,,,,,,Intel,,,,,,,,<none>,
,PDU,,2,Reserve Signal R,,CAN,3_Niedrig,AD CAN,0x226,PDU_Status,,ADCAN_PT_Reserve_Signal_R,30,1,Intel,Unsigned,0,1,0,0,0,,<none>,
,RCU,,0,Shift Up Signal,,DIN,-,,,,,,,,Intel,,,,,,,,<none>,
,SWCU,,0,Shift Up Signal,,DOUT,-,,,,,,,,Intel,,,,,,,,<none>,
,PDU,,0,Shutdown Cockpit Out,,DIN,-,,,,,,,,Intel,,,,,,,,<none>,
,PDU,,2,Wasserpumpe Signal,,CAN,3_Niedrig,AD CAN,0x226,PDU_Status,,ADCAN_PT_Water_Pump_Signal,31,1,Intel,Unsigned,0,1,0,0,0,,<none>,
,PDU,,0,Sicherungsstatus 1,,DIN,-,,,,,,,,Intel,,,,,,,,<none>,
,FCU,,2,Pitot 1,,CAN,3_Niedrig,AD CAN,0x232,Pitot,,ADCAN_AE_Pitot_1,0,8,Intel,Unsigned,0,17.5,-8.75,0,70,mbar,<none>,
,PDU,,0,Sicherungsstatus 10,,DIN,-,,,,,,,,Intel,,,,,,,,<none>,
,FCU,,2,Pitot 2,,CAN,3_Niedrig,AD CAN,0x232,Pitot,,ADCAN_AE_Pitot_2,8,8,Intel,Unsigned,0,17.5,-8.75,0,70,mbar,<none>,
,PDU,,0,Sicherungsstatus 2,,DIN,-,,,,,,,,Intel,,,,,,,,<none>,
,FCU,,2,Pitot 3,,CAN,3_Niedrig,AD CAN,0x232,Pitot,,ADCAN_AE_Pitot_3,16,8,Intel,Unsigned,0,17.5,-8.75,0,70,mbar,<none>,
,PDU,,0,Sicherungsstatus 3,,DIN,-,,,,,,,,Intel,,,,,,,,<none>,
,RCU,DASH,2,HAL L PWM,,CAN,2_Mittel,AD CAN,0x161,RAS_PWM,,ADCAN_SP_RAS_PWM_L,0,8,Intel,Unsigned,0,1,0,0,0,,<none>,
,PDU,,0,Sicherungsstatus 4,,DIN,-,,,,,,,,Intel,,,,,,,,<none>,
,RCU,DASH,2,HAL R PWM,,CAN,2_Mittel,AD CAN,0x161,RAS_PWM,,ADCAN_SP_RAS_PWM_R,8,8,Intel,Unsigned,0,1,0,0,0,,<none>,
,PDU,,0,Sicherungsstatus 5,,DIN,-,,,,,,,,Intel,,,,,,,,<none>,
,RCU,,2,HAL Winkel Soll,,CAN,3_Niedrig,AD CAN,0x234,RAS_Status_Control,,ADCAN_SP_RAS_Angle,0,8,Intel,Unsigned,0,1,0,0,0,,<none>,
,PDU,,0,Sicherungsstatus 6,,DIN,-,,,,,,,,Intel,,,,,,,,<none>,
,RCU,,2,HAL L Homing,,CAN,3_Niedrig,AD CAN,0x234,RAS_Status_Control,,ADCAN_SP_RAS_Homing_L,8,1,Intel,Unsigned,0,1,0,0,0,,<none>,
,PDU,,0,Sicherungsstatus 7,,DIN,-,,,,,,,,Intel,,,,,,,,<none>,
,RCU,,2,HAL R Homing,,CAN,3_Niedrig,AD CAN,0x234,RAS_Status_Control,,ADCAN_SP_RAS_Homing_R,9,1,Intel,Unsigned,0,1,0,0,0,,<none>,
,PDU,,0,Sicherungsstatus 8,,DIN,-,,,,,,,,Intel,,,,,,,,<none>,
,RCU,,2,ECU Temperatur 1,,CAN,3_Niedrig,AD CAN,0x236,RCU_ECU_Temp,,ADCAN_EL_ECU_Temp_RCU_1,0,8,Intel,Unsigned,0,100,-50,-40,150,°C,<none>,
,PDU,,0,Sicherungsstatus 9,,DIN,-,,,,,,,,Intel,,,,,,,,<none>,
,RCU,,2,ECU Temperatur 2,,CAN,3_Niedrig,AD CAN,0x236,RCU_ECU_Temp,,ADCAN_EL_ECU_Temp_RCU_2,8,8,Intel,Unsigned,0,100,-50,-40,150,°C,<none>,
,FCU,,0,Speed FL,,AIN,-,,,,,,,,Intel,,,,,,,,<none>,
,RCU,,2,Test 1,,CAN,2_Mittel,AD CAN,0x165,RCU_Test_A,,ADCAN_ZZ_Test_RCU_1,8,16,Motorola,Unsigned,0,1,0,0,0,,<none>,
,FCU,,0,Speed FR,,AIN,-,,,,,,,,Intel,,,,,,,,<none>,
,RCU,,2,Test 2,,CAN,2_Mittel,AD CAN,0x165,RCU_Test_A,,ADCAN_ZZ_Test_RCU_2,24,16,Motorola,Unsigned,0,1,0,0,0,,<none>,
,RCU,,2,Test 3,,CAN,2_Mittel,AD CAN,0x165,RCU_Test_A,,ADCAN_ZZ_Test_RCU_3,40,16,Motorola,Unsigned,0,1,0,0,0,,<none>,
,RCU,,0,Speed HL,,AIN,-,,,,,,,,Intel,,,,,,,,<none>,
,RCU,,2,Test 4,,CAN,2_Mittel,AD CAN,0x165,RCU_Test_A,,ADCAN_ZZ_Test_RCU_4,56,16,Motorola,Unsigned,0,1,0,0,0,,<none>,
,RCU,,0,Speed HR,,AIN,-,,,,,,,,Intel,,,,,,,,<none>,
,PDU,,0,Stabi L ENC A,,SUPPLY,-,,,,,,,,Intel,,,,,,,,<none>,
,PDU,,0,Stabi L ENC B,,SUPPLY,-,,,,,,,,Intel,,,,,,,,<none>,
,PDU,,0,Stabi L ENC GND,,SUPPLY,-,,,,,,,,Intel,,,,,,,,<none>,
,PDU,,0,Stabi L ENC VCC,,SUPPLY,-,,,,,,,,Intel,,,,,,,,<none>,
,PDU,,0,Stabi L M-,,SUPPLY,-,,,,,,,,Intel,,,,,,,,<none>,
,PDU,,0,Stabi L M+,,SUPPLY,-,,,,,,,,Intel,,,,,,,,<none>,
,PDU,,0,Stabi R ENC A,,SUPPLY,-,,,,,,,,Intel,,,,,,,,<none>,
,PDU,,0,Stabi R ENC B,,SUPPLY,-,,,,,,,,Intel,,,,,,,,<none>,
,PDU,,0,Stabi R ENC GND,,SUPPLY,-,,,,,,,,Intel,,,,,,,,<none>,
,PDU,,0,Stabi R ENC VCC,,SUPPLY,-,,,,,,,,Intel,,,,,,,,<none>,
,PDU,,0,Stabi R M-,,SUPPLY,-,,,,,,,,Intel,,,,,,,,<none>,
,PDU,,0,Stabi R M+,,SUPPLY,-,,,,,,,,Intel,,,,,,,,<none>,
,RCU,,2,Test 5,,CAN,2_Mittel,AD CAN,0x166,RCU_Test_B,,ADCAN_ZZ_Test_RCU_5,8,16,Motorola,Unsigned,0,1,0,0,0,,<none>,
,FCU,,0,Stabi Schalter A,,DIN,-,,,,,,,,Intel,,,,,,,,<none>,
,FCU,,0,Stabi Schalter B,,DIN,-,,,,,,,,Intel,,,,,,,,<none>,
,FCU,,0,Stabi Schalter C,,DIN,-,,,,,,,,Intel,,,,,,,,<none>,
,FCU,,0,Stabi Schalter D,,DIN,-,,,,,,,,Intel,,,,,,,,<none>,
,PDU,,0,Stromsensor 1,,AIN,-,,,,,,,,Intel,,,,,,,,<none>,
,RCU,,2,Test 6,,CAN,2_Mittel,AD CAN,0x166,RCU_Test_B,,ADCAN_ZZ_Test_RCU_6,24,16,Motorola,Unsigned,0,1,0,0,0,,<none>,
,PDU,,0,Stromsensor 2,,AIN,-,,,,,,,,Intel,Unsigned,0,,,,,,<none>,
,RCU,,2,Test 7,,CAN,2_Mittel,AD CAN,0x166,RCU_Test_B,,ADCAN_ZZ_Test_RCU_7,40,16,Motorola,Unsigned,0,1,0,0,0,,<none>,
,PDU,,0,Stromsensor 3,,AIN,-,,,,,,,,Intel,Unsigned,0,,,,,,<none>,
,RCU,,2,Test 8,,CAN,2_Mittel,AD CAN,0x166,RCU_Test_B,,ADCAN_ZZ_Test_RCU_8,56,16,Motorola,Unsigned,0,1,0,0,0,,<none>,
,PDU,,0,Stromsensor 4,,AIN,-,,,,,,,,Intel,Unsigned,0,,,,,,<none>,
,RCU,,2,Test 10,,CAN,2_Mittel,AD CAN,0x167,RCU_Test_C,,ADCAN_ZZ_Test_RCU_10,24,16,Motorola,Unsigned,0,1,0,0,0,,<none>,
,RCU,,2,Test 9,,CAN,2_Mittel,AD CAN,0x167,RCU_Test_C,,ADCAN_ZZ_Test_RCU_9,8,16,Motorola,Unsigned,0,1,0,0,0,,<none>,
,FCU,,2,Rocker VL,,CAN,3_Niedrig,AD CAN,0x238,Rocker_F,,ADCAN_SP_Rocker_FL,0,8,Intel,Unsigned,0,20,-5,0,90,deg,<none>,
,FCU,,0,Test 1,,AIN,-,,,,,,,,Intel,,,,,,,,<none>,
,RCU,,0,Test 1,,AIN,-,,,,,,,,Intel,,,,,,,,<none>,
,FCU,,2,Rocker VR,,CAN,3_Niedrig,AD CAN,0x238,Rocker_F,,ADCAN_SP_Rocker_FR,8,8,Intel,Unsigned,0,20,-5,0,90,deg,<none>,
,RCU,,2,Rocker HL,,CAN,3_Niedrig,AD CAN,0x239,Rocker_R,,ADCAN_SP_Rocker_RL,16,8,Intel,Unsigned,0,20,-5,0,90,deg,<none>,
,RCU,,0,Test 10,,AIN,-,,,,,,,,Intel,,,,,,,,<none>,
,RCU,,2,Rocker HR,,CAN,3_Niedrig,AD CAN,0x239,Rocker_R,,ADCAN_SP_Rocker_RR,24,8,Intel,Unsigned,0,20,-5,0,90,deg,<none>,
,FCU,,0,Test 2,,AIN,-,,,,,,,,Intel,,,,,,,,<none>,
,RCU,,0,Test 2,,AIN,-,,,,,,,,Intel,,,,,,,,<none>,
,RCU,DASH,2,Schaltung DigIn 1,,CAN,2_Mittel,AD CAN,0x170,Shift_Clutch,,ADCAN_PT_Gearshift_DigIn,18,1,Intel,Unsigned,0,1,0,0,0,,<none>,
,RCU,DASH,2,Schaltung LC,,CAN,2_Mittel,AD CAN,0x170,Shift_Clutch,,ADCAN_PT_Gearshift_LaunchC,19,1,Intel,Unsigned,0,1,0,0,0,,<none>,
,RCU,,2,Schaltkraft On/Off,,CAN,3_Niedrig,AD CAN,0x242,Shift_Clutch,,ADCAN_PT_Shift_Power_on_off,20,1,Intel,Unsigned,0,1,0,0,0,,<none>,
,FCU,,0,Test 3,,AIN,-,,,,,,,,Intel,,,,,,,,<none>,
,RCU,,0,Test 3,,AIN,-,,,,,,,,Intel,,,,,,,,<none>,
,RCU,,2,Schaltkraftsensor,,CAN,2_Mittel,AD CAN,0x170,Shift_Clutch,,ADCAN_PT_Shift_Power_Sensor,8,16,Motorola,Unsigned,0,1,0,0,0,,<none>,
,RCU,DASH,2,Kupplung DigIn 1,,CAN,2_Mittel,AD CAN,0x170,Shift_Clutch,,ADCAN_SP_Clutch_DigIn,16,1,Intel,Unsigned,0,1,0,0,0,,<none>,
,FCU,,0,Test 4,,AIN,-,,,,,,,,Intel,,,,,,,,<none>,
,RCU,,0,Test 4,,AIN,-,,,,,,,,Intel,,,,,,,,<none>,
,RCU,DASH,2,Kupplung LC,,CAN,2_Mittel,AD CAN,0x170,Shift_Clutch,,ADCAN_SP_Clutch_LaunchC,17,1,Intel,Unsigned,0,1,0,0,0,,<none>,
,FCU,,2,Lenkwinkel,,CAN,2_Mittel,AD CAN,0x172,Steering_Whl_Angle,,ADCAN_SP_Steering_Wheel_Angle,8,16,Motorola,Unsigned,0,75,-187.5,-150,150,deg,<none>,rechtsdrehend ansteigend
,FCU,,0,Test 5,,AIN,-,,,,,,,,Intel,,,,,,,,<none>,
,RCU,,0,Test 5,,AIN,-,,,,,,,,Intel,,,,,,,,<none>,
,SWCU,,2,ECU Temperatur ,,CAN,3_Niedrig,AD CAN,0x244,SWCU_ECU_Temp,,ADCAN_EL_ECU_Temp_SWCU,0,8,Intel,Unsigned,0,100,-50,-40,150,°C,<none>,
,SWCU,,2,INCR 1,,CAN,2_Mittel,AD CAN,0x175,SWCU_Oh_Shit,,ADCAN_EL_INCR_1,0,8,Intel,Unsigned,0,1,0,0,0,,<none>,
,FCU,,0,Test 6,,AIN,-,,,,,,,,Intel,,,,,,,,<none>,
,RCU,,0,Test 6,,AIN,-,,,,,,,,Intel,,,,,,,,<none>,
,SWCU,,2,INCR 2,,CAN,2_Mittel,AD CAN,0x175,SWCU_Oh_Shit,,ADCAN_EL_INCR_2,8,8,Intel,Unsigned,0,1,0,0,0,,<none>,
,SWCU,,2,Oh Shit 1,,CAN,2_Mittel,AD CAN,0x175,SWCU_Oh_Shit,,ADCAN_EL_Oh_Shit,16,1,Intel,Unsigned,0,1,0,0,0,,<none>,
,RCU,,0,Test 7,,AIN,-,,,,,,,,Intel,,,,,,,,<none>,
,SWCU,,2,Aero Schalter 1,,CAN,1_Hoch,AD CAN,0x100,SWCU_Switches,,ADCAN_AE_Switch_1,0,1,Intel,Unsigned,0,1,0,0,0,,<none>,
,RCU,,0,Test 8,,AIN,-,,,,,,,,Intel,,,,,,,,<none>,
,SWCU,,2,Radio Schalter 1,,CAN,1_Hoch,AD CAN,0x100,SWCU_Switches,,ADCAN_EL_Radio_Switch,1,1,Intel,Unsigned,0,1,0,0,0,,<none>,
,RCU,,0,Test 9,,AIN,-,,,,,,,,Intel,,,,,,,,<none>,
,SWCU,RCU,2,Shift Down Signal,,CAN,1_Hoch,AD CAN,0x100,SWCU_Switches,,ADCAN_PT_Shift_Down,2,1,Intel,Unsigned,0,1,0,0,0,,<none>,
,PDU,,0,Wasser 1 24V,,SUPPLY,-,,,,,,,,Intel,,,,,,,,<none>,
,PDU,,0,Wasser 1 GND,,SUPPLY,-,,,,,,,,Intel,,,,,,,,<none>,
,PDU,,0,Wasser 1 PWM,,DOUT,-,,,,,,,,Intel,,,,,,,,<none>,
,SWCU,RCU,2,Shift Up Signal,,CAN,1_Hoch,AD CAN,0x100,SWCU_Switches,,ADCAN_PT_Shift_Up,3,1,Intel,Unsigned,0,1,0,0,0,,<none>,
,PDU,,0,Wasser 1 PWM GND,,SUPPLY,-,,,,,,,,Intel,,,,,,,,<none>,
,PDU,,0,Wasser 2 24V,,SUPPLY,-,,,,,,,,Intel,,,,,,,,<none>,
,PDU,,0,Wasser 2 PWM,,DOUT,-,,,,,,,,Intel,,,,,,,,<none>,
,SWCU,,2,ARH Schalter 1,,CAN,1_Hoch,AD CAN,0x100,SWCU_Switches,,ADCAN_SP_ARH_switch_1,4,1,Intel,Unsigned,0,1,0,0,0,,<none>,
,PDU,,0,Wasser 2 PWM GND,,SUPPLY,-,,,,,,,,Intel,,,,,,,,<none>,
,SWCU,RCU,2,Clutch Signal,,CAN,1_Hoch,AD CAN,0x100,SWCU_Switches,,ADCAN_SP_Clutch_Signal,5,1,Intel,Unsigned,0,1,0,0,0,,<none>,
,FCU,,2,Test 1,,CAN,2_Mittel,AD CAN,0x177,Test_FCU_A,,ADCAN_ZZ_Test_FCU_1,8,16,Motorola,Unsigned,0,1,0,0,0,,<none>,
,PDU,,0,Wasserpumpe Signal,,DIN,-,,,,,,,,Intel,,,,,,,,<none>,
,FCU,,2,Test 2,,CAN,2_Mittel,AD CAN,0x177,Test_FCU_A,,ADCAN_ZZ_Test_FCU_2,24,16,Motorola,Unsigned,0,1,0,0,0,,<none>,
,FCU,,2,Test 3,,CAN,2_Mittel,AD CAN,0x177,Test_FCU_A,,ADCAN_ZZ_Test_FCU_3,40,16,Motorola,Unsigned,0,1,0,0,0,,<none>,
,FCU,,2,Test 4,,CAN,2_Mittel,AD CAN,0x178,Test_FCU_B,,ADCAN_ZZ_Test_FCU_4,8,16,Motorola,Unsigned,0,1,0,0,0,,<none>,
,FCU,,2,Test 5,,CAN,2_Mittel,AD CAN,0x178,Test_FCU_B,,ADCAN_ZZ_Test_FCU_5,24,16,Motorola,Unsigned,0,1,0,0,0,,<none>,
,FCU,,2,Test 6,,CAN,2_Mittel,AD CAN,0x178,Test_FCU_B,,ADCAN_ZZ_Test_FCU_6,40,16,Motorola,Unsigned,0,1,0,0,0,,<none>,
,PDU,,2,Öllüfter Prozent,,CAN,3_Niedrig,AD CAN,0x246,Water_Oil_Status_Control,,ADCAN_PT_Oil_Fan_Percent,0,8,Intel,Unsigned,0,1,0,0,0,,<none>,
,PDU,,2,Öl PWM,,CAN,3_Niedrig,AD CAN,0x246,Water_Oil_Status_Control,,ADCAN_PT_Oil_PWM,8,8,Intel,Unsigned,0,1,0,0,0,,<none>,
,PDU,,2,Wasser 1 PWM,,CAN,3_Niedrig,AD CAN,0x246,Water_Oil_Status_Control,,ADCAN_PT_Water_1_PWM,16,8,Intel,Unsigned,0,1,0,0,0,,<none>,
,PDU,,2,Wasser 2 PWM,,CAN,3_Niedrig,AD CAN,0x246,Water_Oil_Status_Control,,ADCAN_PT_Water_2_PWM,24,8,Intel,Unsigned,0,1,0,0,0,,<none>,
,PDU,,2,Wasserlüfter Prozent 1,,CAN,3_Niedrig,AD CAN,0x246,Water_Oil_Status_Control,,ADCAN_PT_Water_Fan_1_Percent,32,8,Intel,Unsigned,0,1,0,0,0,,<none>,
,PDU,,2,Wasserlüfter Prozent 2,,CAN,3_Niedrig,AD CAN,0x246,Water_Oil_Status_Control,,ADCAN_PT_Water_Fan_2_Percent,40,8,Intel,Unsigned,0,1,0,0,0,,<none>,
,FCU,,2,Speed FL,,CAN,2_Mittel,AD CAN,0x180,Whl_Speed_F,,ADCAN_SP_Wheel_Speed_FL,8,16,Motorola,Unsigned,0,1,0,0,0,,<none>,Hall sensor?
,FCU,,2,Speed FR,,CAN,2_Mittel,AD CAN,0x180,Whl_Speed_F,,ADCAN_SP_Wheel_Speed_FR,24,16,Motorola,Unsigned,0,1,0,0,0,,<none>,
,RCU,,2,Speed HL,,CAN,2_Mittel,AD CAN,0x181,Whl_Speed_R,,ADCAN_SP_Wheel_Speed_RL,8,16,Motorola,Unsigned,0,1,0,0,0,,<none>,
,RCU,,2,Speed HR,,CAN,2_Mittel,AD CAN,0x181,Whl_Speed_R,,ADCAN_SP_Wheel_Speed_RR,24,16,Motorola,Unsigned,0,1,0,0,0,,<none>,
